average_temperature,highest_temperature,lowest_temperature,daily_temperature_range,average_humidity,precipitation,transaction_volume_data
-2.2,3.8,-8.25,12.05,61.5,0.0,0.472
-4.35,0.2,-8.9,9.1,48.75,0.0,18.6425
-5.7,-0.3,-11.1,10.8,40.0,0.0,35.07
-5.1,2.6,-12.85,15.45,47.25,0.0,33.168
-2.85,4.15,-9.9,14.05,51.0,0.0,33.009
-1.45,5.3,-8.25,13.55,49.25,0.0,36.77
-2.15,4.95,-9.3,14.25,48.25,0.0,35.358
-2.2,2.85,-7.2,10.05,42.75,0.0,30.39
-3.2,0.95,-7.3,8.25,37.5,0.0,26.385
-4.1,3.0,-11.2,14.2,43.0,0.0,28.504
-1.8,6.5,-10.15,16.65,53.25,0.0,35.716
-0.45,5.4,-6.4,11.8,60.5,0.0,40.36
-0.7,5.15,-6.6,11.75,58.75,0.0,37.162
-0.15,7.05,-7.35,14.4,57.25,0.0,36.7885
0.1,6.9,-6.7,13.6,62.25,0.0,33.477
-0.6,4.15,-5.3,9.45,55.5,0.0,29.3055
-1.7,3.15,-6.5,9.65,44.75,0.0,30.8145
-0.45,6.1,-7.0,13.1,49.0,0.0,36.9495
0.7,6.9,-5.5,12.4,60.5,0.0,40.342
2.3,6.4,-1.85,8.25,71.25,6.5,42.642
4.45,6.35,2.5,3.85,78.25,13.0,40.7415
5.1,7.0,3.2,3.8,79.5,13.0,34.6885
2.8,6.9,-1.4,8.3,53.0,13.0,29.517
0.45,3.45,-2.65,6.1,42.75,13.0,28.7165
-2.1,0.35,-4.6,4.95,31.5,13.0,29.663
-2.6,0.2,-5.4,5.6,38.0,13.0,30.391
-1.75,2.75,-6.2,8.95,47.5,13.0,34.484
0.6,8.05,-6.8,14.85,56.25,13.0,35.9315
3.0,11.1,-5.05,16.15,62.0,13.0,33.5365
4.85,12.0,-2.3,14.3,62.5,13.0,29.494
7.85,12.8,2.8,10.0,71.75,31.25,32.189
7.75,12.25,3.2,9.05,60.25,49.5,35.096
2.2,7.1,-2.65,9.75,49.0,51.0,35.108
1.45,5.95,-3.0,8.95,62.25,53.75,35.839
2.3,6.4,-1.75,8.15,72.75,56.0,31.621
1.9,4.9,-1.1,6.0,73.75,57.25,26.7445
-0.45,3.7,-4.6,8.3,55.5,57.5,28.665
-4.55,1.1,-10.2,11.3,42.0,57.5,36.1145
-4.25,1.25,-9.85,11.1,46.5,57.5,30.2725
-2.15,4.05,-8.35,12.4,52.25,57.5,19.56
0.4,5.15,-4.3,9.45,51.5,57.5,49.291
2.1,8.9,-4.65,13.55,45.5,57.5,43.9195
2.95,8.85,-2.9,11.75,41.5,57.5,31.004
1.95,7.6,-3.7,11.3,34.0,57.5,27.3095
0.9,6.7,-4.9,11.6,47.0,58.0,31.159
2.6,6.65,-1.45,8.1,62.25,60.0,40.23
3.2,6.6,-0.2,6.8,50.25,61.5,36.624
1.35,5.65,-2.95,8.6,31.25,61.5,29.091
1.3,6.5,-3.95,10.45,32.25,61.5,21.657
2.15,8.05,-3.8,11.85,44.25,61.5,22.7585
2.0,7.3,-3.25,10.55,38.25,61.5,35.018
2.55,7.6,-2.4,10.0,29.75,61.5,42.669
4.1,11.5,-3.3,14.8,37.0,61.5,36.575
4.85,11.9,-2.3,14.2,48.0,61.5,39.224
7.45,13.1,1.8,11.3,47.0,61.5,40.847
8.7,16.8,0.65,16.15,41.25,61.5,35.9655
7.1,15.85,-1.7,17.55,47.75,31.25,34.101
4.65,11.05,-1.8,12.85,47.0,1.0,40.5385
2.05,8.4,-4.35,12.75,45.25,1.0,44.985
2.85,10.2,-4.5,14.7,45.25,1.0,50.25
5.0,13.5,-3.45,16.95,40.0,1.0,48.777
6.9,17.2,-3.45,20.65,40.5,1.0,43.009
8.6,17.8,-0.65,18.45,49.75,1.5,37.3295
10.05,19.45,0.65,18.8,56.75,2.0,37.7225
11.8,23.15,0.4,22.75,50.75,2.0,42.347
11.25,21.0,1.5,19.5,38.0,2.0,45.194
7.75,16.3,-0.75,17.05,37.25,2.0,55.321
6.85,16.3,-2.6,18.9,50.25,2.0,56.791
8.8,16.65,0.9,15.75,63.0,10.75,56.152
8.1,13.4,2.7,10.7,64.0,19.5,51.063
7.2,14.4,0.0,14.4,55.0,19.5,49.452
9.2,18.7,-0.2,18.9,46.0,19.5,51.3265
9.45,18.75,0.2,18.55,47.5,30.0,51.832
11.25,18.3,4.25,14.05,61.0,50.25,52.444
13.5,19.75,7.35,12.4,59.5,60.0,54.3945
10.3,18.4,2.2,16.2,52.5,60.0,53.4855
6.15,14.4,-2.1,16.5,45.25,60.0,50.129
5.6,13.65,-2.45,16.1,41.0,60.0,49.2845
7.95,15.35,0.55,14.8,45.75,60.0,52.8495
8.95,15.85,2.05,13.8,46.0,60.0,56.762
7.45,13.05,1.8,11.25,43.25,60.0,54.952
5.95,12.3,-0.4,12.7,46.75,60.0,52.1135
8.1,16.7,-0.55,17.25,55.5,60.0,44.6305
11.4,20.45,2.3,18.15,52.75,60.0,39.691
11.45,19.4,3.5,15.9,40.5,60.0,44.09
9.1,16.15,2.0,14.15,39.5,60.0,54.662
9.1,16.1,2.05,14.05,46.5,60.5,60.54
10.1,17.4,2.8,14.6,51.75,30.5,65.969
8.95,15.9,2.05,13.85,58.5,0.0,64.054
10.25,17.7,2.9,14.8,52.5,0.0,57.9565
12.85,21.35,4.4,16.95,40.5,0.0,52.7255
12.55,20.3,4.85,15.45,45.75,0.0,53.7175
10.6,17.0,4.25,12.75,65.0,9.75,57.293
7.7,11.65,3.75,7.9,60.75,19.5,58.828
7.25,13.55,0.95,12.6,45.0,19.5,64.771
9.0,15.95,2.1,13.85,37.5,19.5,59.6945
7.65,11.2,4.1,7.1,36.75,19.5,52.2475
6.4,10.9,1.8,9.1,40.0,19.5,49.812
7.3,13.15,1.45,11.7,37.25,19.5,50.3195
8.8,17.0,0.6,16.4,42.0,19.5,50.344
10.95,19.9,2.0,17.9,45.5,19.5,49.796
10.55,18.8,2.4,16.4,42.75,19.5,53.422
12.5,23.2,1.85,21.35,45.5,19.5,54.9695
15.2,23.2,7.2,16.0,67.5,19.5,51.019
14.75,19.55,9.9,9.65,68.5,19.5,48.611
12.75,19.2,6.25,12.95,51.75,19.5,55.7925
8.45,13.35,3.55,9.8,59.75,23.75,58.6295
7.65,12.25,3.1,9.15,60.5,28.0,57.375
9.65,17.75,1.6,16.15,51.0,28.0,59.475
10.35,16.4,4.25,12.15,61.0,52.75,54.312
12.55,16.6,8.5,8.1,68.75,77.5,40.8695
13.75,20.8,6.8,14.0,60.75,77.5,32.691
13.05,19.35,6.8,12.55,46.0,77.5,35.687
12.75,19.2,6.35,12.85,44.25,78.25,42.684
12.95,20.8,5.2,15.6,62.0,79.0,46.786
14.1,19.55,8.7,10.85,63.5,80.75,42.256
13.75,20.35,7.2,13.15,52.25,82.5,44.619
12.6,20.7,4.5,16.2,50.5,41.25,40.971
13.15,19.8,6.5,13.3,55.5,0.0,33.0975
13.75,21.25,6.3,14.95,56.25,0.0,34.278
14.75,22.1,7.4,14.7,52.0,0.0,39.0615
16.2,24.15,8.25,15.9,50.5,0.0,40.802
18.1,27.85,8.4,19.45,42.5,0.0,37.158
18.8,27.3,10.35,16.95,44.75,0.0,35.89
17.5,25.55,9.4,16.15,56.5,0.0,30.6525
17.35,25.15,9.55,15.6,61.25,0.5,23.912
17.9,23.45,12.35,11.1,67.5,3.5,21.8305
19.5,25.25,13.7,11.55,57.25,6.0,22.1085
19.8,28.6,11.0,17.6,51.25,6.0,21.697
19.9,29.7,10.1,19.6,57.25,6.0,20.18
19.75,28.85,10.65,18.2,57.5,6.0,18.1945
19.8,28.1,11.5,16.6,57.0,6.0,15.6035
19.35,26.2,12.5,13.7,54.75,6.0,13.8495
17.1,23.95,10.25,13.7,56.25,6.0,13.8755
16.5,23.85,9.1,14.75,63.0,6.25,12.039
18.2,23.55,12.8,10.75,72.0,17.5,9.028
19.35,24.3,14.4,9.9,64.5,28.5,11.43
18.6,26.7,10.45,16.25,52.0,28.5,11.0105
18.95,28.55,9.25,19.3,56.5,28.5,8.852
21.0,29.5,12.5,17.0,61.25,28.5,6.8275
23.1,31.85,14.35,17.5,58.0,28.5,6.38
23.4,31.6,15.15,16.45,57.75,28.5,6.6125
22.1,27.9,16.25,11.65,65.25,28.5,7.007
20.4,23.7,17.05,6.65,73.5,68.75,4.79
20.0,22.25,17.75,4.5,81.5,129.75,3.942
20.6,23.15,18.0,5.15,79.5,150.5,2.068
21.3,25.7,16.9,8.8,63.75,150.5,1.532
20.7,26.95,14.5,12.45,58.75,150.5,2.134
19.85,25.5,14.2,11.3,64.25,75.25,1.904
21.05,27.15,14.9,12.25,62.5,0.0,1.562
21.95,29.2,14.6,14.6,61.25,0.0,1.268
22.25,29.75,14.7,15.05,58.75,0.0,0.872
22.65,30.2,15.05,15.15,57.5,0.0,0.243
23.4,30.85,15.95,14.9,59.5,0.0,0.047
24.0,30.75,17.35,13.4,61.0,0.0,0.084
21.7,23.7,19.75,3.95,80.0,9.0,0.064
23.4,26.6,20.2,6.4,78.75,10.0,0.067
23.75,26.8,20.65,6.15,76.0,11.0,0.0575
24.1,27.4,20.85,6.55,76.25,12.0,0.0825
25.5,30.85,20.25,10.6,67.5,12.0,0.12
11.5,17.6,5.35,12.25,64.0,93.5,0.012
12.35,19.35,5.35,14.0,67.5,93.5,0.009
13.35,20.05,6.7,13.35,71.0,93.5,0.01
15.1,21.45,8.8,12.65,70.0,93.5,0.014
16.35,22.85,9.85,13.0,67.0,93.5,0.066
15.25,21.3,9.15,12.15,70.0,93.5,0.063
14.85,20.8,8.85,11.95,71.0,93.5,0.108
15.15,21.7,8.6,13.1,68.5,93.5,0.129
14.2,20.8,7.6,13.2,53.75,93.5,0.207
11.75,18.3,5.25,13.05,50.75,93.5,0.42
10.6,18.25,2.95,15.3,60.5,93.5,0.528
10.7,19.2,2.15,17.05,60.0,93.5,1.435
11.45,20.15,2.75,17.4,58.25,93.5,1.3285
12.85,20.75,4.95,15.8,56.5,93.5,1.452
12.95,19.85,6.1,13.75,59.75,93.5,1.574
12.75,19.5,6.05,13.45,66.75,46.75,2.213
14.3,20.45,8.1,12.35,71.5,0.0,3.3465
15.1,20.85,9.25,11.6,70.25,0.0,3.733
13.55,19.5,7.55,11.95,64.5,0.0,6.758
11.9,18.95,4.9,14.05,63.75,0.0,5.293
11.1,18.5,3.7,14.8,71.0,0.5,5.5045
11.6,18.25,4.9,13.35,65.5,1.0,5.6865
11.45,18.4,4.5,13.9,50.75,1.0,6.248
10.55,16.3,4.75,11.55,61.5,9.0,10.5875
11.25,16.65,5.8,10.85,69.25,17.0,12.871
9.65,14.5,4.8,9.7,47.75,17.0,16.805
7.25,11.15,3.35,7.8,37.5,17.0,17.0955
6.8,12.65,0.95,11.7,46.75,17.0,15.677
5.95,13.25,-1.35,14.6,56.25,18.0,12.902
7.4,14.2,0.65,13.55,64.0,19.0,14.717
8.2,15.0,1.4,13.6,65.0,19.0,20.2825
6.9,12.6,1.15,11.45,59.25,19.0,22.967
5.0,7.9,2.15,5.75,56.25,19.0,19.042
3.55,5.95,1.15,4.8,57.5,19.0,20.423
4.6,7.05,2.15,4.9,52.25,19.0,19.532
5.95,8.8,3.2,5.6,45.0,19.0,15.213
6.3,10.75,1.85,8.9,50.5,19.0,15.829
6.0,12.7,-0.75,13.45,56.0,19.0,19.857
7.15,13.9,0.45,13.45,56.0,28.5,21.222
8.45,13.45,3.55,9.9,62.25,47.5,21.86
5.9,10.45,1.4,9.05,64.25,57.0,22.535
3.05,7.35,-1.3,8.65,63.0,57.5,21.154
1.4,5.0,-2.3,7.3,64.0,58.0,18.428
1.55,4.65,-1.6,6.25,58.5,58.0,20.5005
3.6,8.25,-1.05,9.3,57.75,58.0,26.0005
4.3,10.7,-2.05,12.75,60.5,29.0,28.758
4.3,10.7,-2.0,12.7,57.75,0.0,23.286
4.1,10.65,-2.45,13.1,56.75,0.0,23.6545
5.0,12.1,-2.1,14.2,58.75,0.0,23.25
5.05,12.6,-2.45,15.05,59.75,0.0,19.0825
4.75,11.2,-1.65,12.85,53.25,0.0,20.669
4.35,10.5,-1.75,12.25,50.75,0.0,27.475
3.55,11.1,-3.95,15.05,57.25,0.0,29.3
4.05,10.3,-2.2,12.5,66.0,1.5,25.353
4.55,8.2,0.85,7.35,57.5,3.0,25.3695
3.3,5.75,0.8,4.95,52.5,3.0,23.1085
2.4,6.1,-1.35,7.45,59.5,3.25,19.324
1.6,5.8,-2.65,8.45,57.25,3.5,20.9805
0.8,4.55,-3.0,7.55,51.25,3.5,25.0875
0.9,5.2,-3.45,8.65,42.0,3.5,26.031
-0.35,4.4,-5.2,9.6,44.75,3.5,26.174
0.65,5.6,-4.35,9.95,51.0,3.5,24.556
3.7,8.75,-1.35,10.1,57.75,4.0,20.911
2.75,6.9,-1.4,8.3,61.5,4.5,17.584
0.8,3.4,-1.85,5.25,60.25,4.5,19.602
1.5,4.75,-1.8,6.55,52.5,4.5,24.5485
1.75,6.25,-2.8,9.05,48.25,4.5,26.177
1.3,6.35,-3.8,10.15,54.25,4.5,27.616
1.65,8.1,-4.75,12.85,47.75,4.5,28.4635
1.3,9.2,-6.5,15.7,49.25,4.5,25.887
1.7,7.75,-4.25,12.0,55.0,4.5,18.3
1.15,4.15,-1.8,5.95,45.5,4.5,19.957
-1.55,1.65,-4.75,6.4,40.0,4.5,28.0515
-2.0,2.4,-6.4,8.8,47.25,4.5,30.326
0.95,5.2,-3.3,8.5,48.75,4.5,28.835
3.6,8.75,-1.5,10.25,44.25,4.5,17.1115
5.0,9.6,0.4,9.2,39.75,2.25,5.388
3.55,10.95,-3.95,14.9,44.75,0.0,32.356
3.05,10.6,-4.55,15.15,46.0,0.0,31.9385
2.05,9.25,-5.15,14.4,47.0,0.0,31.521
0.9,8.7,-6.9,15.6,47.25,0.0,24.585
0.85,8.95,-7.25,16.2,51.25,0.0,25.056
1.65,7.3,-4.0,11.3,56.75,0.5,24.356
-0.5,2.55,-3.5,6.05,42.25,1.0,20.1425
-3.2,1.55,-7.9,9.45,34.5,1.0,19.3725
-1.0,4.35,-6.4,10.75,47.0,1.0,23.552
0.95,5.4,-3.6,9.0,49.75,1.0,25.459
-0.2,4.5,-4.95,9.45,38.25,1.0,25.352
-1.95,4.3,-8.25,12.55,32.25,1.0,24.528
-1.5,4.95,-8.0,12.95,35.0,1.0,12.3805
-0.5,6.05,-7.05,13.1,41.25,1.0,9.3935
0.2,6.95,-6.6,13.55,49.75,1.0,19.979
1.0,5.6,-3.65,9.25,49.75,1.0,24.4955
-0.5,4.85,-5.85,10.7,46.0,1.0,26.763
-0.3,5.7,-6.3,12.0,50.5,1.0,22.792
-0.25,3.3,-3.8,7.1,53.5,1.0,22.4855
-1.95,2.55,-6.5,9.05,46.5,1.0,19.804
-1.15,6.8,-9.15,15.95,46.25,1.0,17.2605
1.15,11.1,-8.85,19.95,52.25,1.0,18.8635
3.65,12.05,-4.8,16.85,63.75,1.5,21.3165
3.3,9.95,-3.3,13.25,52.25,2.0,21.998
1.5,10.15,-7.05,17.2,39.75,2.0,23.552
2.2,11.4,-6.95,18.35,47.0,2.0,23.1215
2.95,12.35,-6.4,18.75,49.25,2.0,26.7855
5.85,13.6,-1.9,15.5,49.25,2.0,27.7735
7.25,13.45,1.0,12.45,44.5,2.0,24.667
9.0,15.1,2.95,12.15,50.75,0.0,34.814
0.1,5.3,-5.1,10.4,36.0,0.0,35.374
-2.7,2.05,-7.5,9.55,27.5,0.0,30.333
-1.0,4.2,-6.25,10.45,35.5,0.0,23.0145
1.8,6.2,-2.65,8.85,54.75,0.25,22.182
3.15,6.05,0.3,5.75,72.5,0.75,23.934
3.25,5.65,0.9,4.75,65.75,1.0,24.801
2.05,4.85,-0.75,5.6,61.0,1.0,17.526
0.75,4.75,-3.25,8.0,61.0,1.0,17.2925
1.2,6.85,-4.45,11.3,53.75,1.0,16.907
1.2,7.05,-4.7,11.75,55.75,1.0,18.858
0.85,5.75,-4.15,9.9,57.5,1.0,24.0975
1.55,7.95,-4.85,12.8,54.0,1.0,24.913
2.6,11.7,-6.4,18.1,51.0,1.0,22.592
4.1,10.85,-2.6,13.45,54.5,2.0,31.597
3.0,6.75,-0.7,7.45,61.75,3.0,31.615
0.95,5.55,-3.55,9.1,61.0,3.0,27.768
1.55,8.4,-5.25,13.65,52.75,3.0,22.525
2.4,10.4,-5.65,16.05,46.25,3.0,23.951
2.6,11.1,-5.95,17.05,44.5,3.0,29.0405
3.1,12.25,-6.0,18.25,46.5,3.0,31.326
4.5,13.85,-4.8,18.65,48.25,3.0,38.574
5.85,15.25,-3.6,18.85,50.0,3.0,37.578
6.0,12.25,-0.3,12.55,61.5,6.75,35.0455
8.45,12.9,4.05,8.85,68.25,10.5,35.0435
9.6,14.95,4.35,10.6,60.0,10.5,37.6205
7.95,11.35,4.55,6.8,67.25,6.5,42.331
7.4,10.75,4.0,6.75,63.75,2.5,45.999
5.7,11.9,-0.5,12.4,46.25,2.5,50.06
4.25,11.15,-2.65,13.8,50.25,2.5,48.639
4.3,9.7,-1.15,10.85,50.75,2.5,46.103
3.15,8.4,-2.2,10.6,40.25,2.5,41.885
2.0,6.95,-3.0,9.95,32.25,2.5,41.1235
3.25,7.85,-1.35,9.2,28.75,2.5,44.8545
3.95,8.4,-0.45,8.85,32.5,2.5,46.244
3.95,8.9,-0.95,9.85,31.75,2.5,50.772
4.75,13.2,-3.65,16.85,34.0,2.5,48.8655
3.4,10.65,-3.8,14.45,55.75,18.25,44.624
2.55,6.1,-0.95,7.05,78.0,40.75,40.8975
3.95,7.45,0.5,6.95,73.5,48.0,39.26
5.35,11.45,-0.7,12.15,55.75,48.5,41.184
8.5,17.8,-0.75,18.55,51.25,48.5,43.354
10.25,19.7,0.8,18.9,59.25,48.5,45.179
12.8,19.8,5.8,14.0,59.25,48.5,48.784
13.15,16.95,9.4,7.55,51.75,48.5,53.375
9.4,12.4,6.45,5.95,48.5,48.5,57.3465
7.15,11.3,3.0,8.3,44.75,48.5,60.9775
6.55,13.85,-0.7,14.55,44.75,48.5,61.992
8.4,17.75,-0.95,18.7,46.75,48.5,62.361
9.55,18.8,0.2,18.6,46.0,48.5,64.296
10.65,16.95,4.3,12.65,59.75,52.75,59.5955
12.85,16.25,9.5,6.75,75.75,64.25,51.2995
13.95,20.35,7.55,12.8,67.75,71.5,48.277
14.2,23.2,5.15,18.05,59.25,71.5,48.6825
14.4,19.8,9.0,10.8,69.25,76.5,52.901
14.6,17.9,11.25,6.65,72.5,82.25,57.287
14.4,20.65,8.1,12.55,63.75,83.0,73.531
13.9,22.25,5.6,16.65,56.75,41.5,71.3495
13.95,22.9,5.05,17.85,52.25,0.0,62.8295
13.9,21.75,6.1,15.65,51.25,0.0,55.0555
10.75,16.75,4.8,11.95,44.5,0.0,53.114
7.25,13.4,1.1,12.3,40.25,0.0,54.0515
7.8,14.15,1.5,12.65,36.75,0.0,55.495
10.95,17.35,4.6,12.75,32.75,0.0,47.752
12.8,21.45,4.15,17.3,32.5,0.0,45.4005
13.4,23.75,3.1,20.65,36.75,0.0,38.3185
14.75,24.8,4.7,20.1,47.0,0.0,34.637
14.3,20.95,7.55,13.4,52.5,0.0,38.23
13.35,17.95,8.65,9.3,52.25,0.0,45.4225
12.45,18.3,6.5,11.8,53.75,5.0,50.071
11.8,20.75,2.8,17.95,55.0,10.0,47.201
14.4,24.8,4.0,20.8,50.25,10.0,45.5895
17.7,26.0,9.4,16.6,44.25,10.0,38.5035
15.9,22.95,8.8,14.15,49.5,22.5,33.573
12.5,17.4,7.55,9.85,70.0,37.0,37.985
12.2,15.45,9.0,6.45,75.25,39.0,42.827
13.25,18.45,8.15,10.3,60.25,39.0,43.801
15.1,22.5,7.75,14.75,53.5,39.0,34.45
15.95,23.05,8.9,14.15,47.75,39.0,33.6445
15.6,23.75,7.45,16.3,45.0,39.0,33.5975
15.45,24.9,5.9,19.0,49.25,39.0,32.9585
16.0,25.4,6.5,18.9,48.25,39.0,32.336
15.65,24.45,6.8,17.65,52.25,39.0,34.0415
15.05,20.1,10.0,10.1,63.5,49.25,34.972
14.05,15.6,12.45,3.15,76.25,85.25,32.784
13.45,14.65,12.15,2.5,87.0,123.0,29.843
15.1,18.0,12.15,5.85,83.0,135.0,21.1625
17.4,22.7,12.1,10.6,70.25,67.5,15.319
18.15,26.05,10.2,15.85,62.75,0.0,17.233
17.0,25.1,8.85,16.25,51.25,0.0,25.113
14.85,21.85,7.85,14.0,49.25,0.5,30.975
12.4,19.2,5.65,13.55,50.5,1.0,30.086
11.8,19.8,3.9,15.9,45.0,1.0,25.6625
12.5,21.65,3.4,18.25,50.5,1.0,13.0245
14.1,21.7,6.45,15.25,55.0,2.25,10.373
15.85,24.0,7.7,16.3,53.0,3.5,14.049
16.3,25.3,7.35,17.95,53.25,3.5,14.9
16.2,24.0,8.4,15.6,57.25,11.25,17.638
15.9,23.4,8.4,15.0,60.0,19.0,19.693
19.6,28.5,10.6,17.9,51.5,19.0,18.4385
18.2,24.15,12.15,12.0,58.75,19.25,15.593
18.0,22.35,13.6,8.75,59.25,19.5,14.046
20.0,26.5,13.45,13.05,43.5,19.5,7.8705
20.7,28.4,13.0,15.4,39.5,19.5,7.9645
19.85,27.95,11.85,16.1,48.75,19.5,14.278
19.3,27.7,10.95,16.75,53.5,19.5,14.882
18.2,23.5,12.95,10.55,359.5,20.25,13.2145
18.25,22.45,14.05,8.4,363.75,21.0,10.1165
20.15,28.45,11.8,16.65,58.25,21.0,6.487
20.15,27.2,13.1,14.1,61.75,21.0,4.516
20.25,25.5,15.05,10.45,70.75,21.0,5.007
20.75,25.9,15.7,10.2,69.75,21.75,5.27
20.25,25.2,15.3,9.9,61.5,22.5,3.603
19.8,28.45,11.1,17.35,53.0,22.5,3.32
20.55,29.75,11.35,18.4,54.5,22.5,2.308
22.55,31.15,13.9,17.25,55.75,22.5,1.4865
23.7,33.9,13.45,20.45,52.25,22.5,1.225
23.8,33.65,13.95,19.7,53.0,22.5,1.1935
23.55,31.15,15.95,15.2,58.75,11.25,1.331
21.5,26.3,16.65,9.65,65.0,3.75,0.045
18.7,21.15,16.15,5.0,79.5,20.5,0.1435
19.3,21.45,17.05,4.4,82.25,34.25,0.1775
20.45,23.1,17.75,5.35,71.5,35.0,0.18
21.15,25.05,17.2,7.85,67.5,35.0,0.2565
22.1,28.15,15.95,12.2,66.75,35.0,0.3155
22.1,27.5,16.65,10.85,69.0,35.0,0.365
22.1,25.9,18.3,7.6,70.0,35.0,0.197
21.85,25.3,18.4,6.9,70.0,35.0,0.191
22.3,26.6,18.0,8.6,68.0,41.25,0.153
20.9,24.9,16.9,8.0,72.25,50.5,0.1275
19.8,24.55,15.05,9.5,71.75,53.5,0.1715
21.2,28.0,14.35,13.65,64.5,53.5,0.153
22.0,29.2,14.8,14.4,60.0,53.5,0.097
22.6,29.75,15.55,14.2,57.25,53.5,0.074
22.0,27.25,16.85,10.4,60.25,53.5,0.0525
21.9,26.8,17.05,9.75,60.0,53.5,0.064
22.85,29.35,16.3,13.05,62.5,53.5,0.097
23.6,28.65,18.5,10.15,75.25,162.0,0.3
25.45,30.5,20.4,10.1,76.75,163.0,0.3
14.05,18.65,9.45,9.2,75.5,30.5,0.015
13.9,19.75,8.0,11.75,72.5,30.5,0.015
13.6,19.95,7.25,12.7,65.0,30.5,0.058
12.9,20.55,5.3,15.25,53.5,30.5,0.1395
12.65,21.95,3.4,18.55,53.5,30.5,0.1725
12.95,22.35,3.55,18.8,57.75,30.5,0.124
13.85,19.55,8.15,11.4,72.5,31.5,0.001
16.15,19.3,12.95,6.35,87.25,56.75,0.3265
14.55,17.95,11.1,6.85,88.5,93.0,0.5075
12.3,16.4,8.2,8.2,79.25,105.0,0.4955
14.15,20.2,8.1,12.1,68.0,105.0,0.3545
15.15,22.9,7.4,15.5,62.5,105.0,0.778
15.4,24.35,6.45,17.9,58.75,105.0,1.475
14.55,23.0,6.1,16.9,55.25,105.0,1.383
12.15,20.35,3.95,16.4,55.75,105.0,2.035
10.75,18.9,2.55,16.35,62.5,105.0,2.3915
11.5,19.0,3.9,15.1,65.25,105.0,2.165
11.9,15.95,7.8,8.15,78.75,115.5,2.4765
13.4,15.75,11.1,4.65,88.5,63.0,4.2975
14.05,17.65,10.5,7.15,76.0,0.0,5.876
11.15,14.8,7.55,7.25,56.25,0.0,7.413
9.4,15.85,3.05,12.8,51.0,0.0,6.531
9.75,18.75,0.75,18.0,57.5,0.0,5.1605
11.6,19.75,3.35,16.4,58.75,0.0,5.314
12.25,19.3,5.15,14.15,59.75,0.0,7.683
11.15,16.5,5.85,10.65,70.5,0.5,11.4405
10.8,16.05,5.55,10.5,71.75,1.0,13.471
9.95,17.8,2.05,15.75,58.5,1.0,14.941
8.65,17.2,0.1,17.1,58.0,1.0,13.8795
8.5,14.55,2.45,12.1,57.5,1.0,11.0745
6.65,9.85,3.4,6.45,48.25,1.0,9.604
5.15,9.2,1.05,8.15,45.0,1.0,12.811
6.15,12.2,0.1,12.1,49.75,1.0,16.6015
8.1,14.45,1.8,12.65,49.5,1.0,17.458
8.55,13.75,3.45,10.3,52.5,1.0,15.84
7.4,12.25,2.6,9.65,50.5,1.0,17.0965
6.55,13.6,-0.5,14.1,46.0,1.0,16.1885
5.95,14.75,-2.85,17.6,50.0,1.0,13.6255
6.65,15.55,-2.3,17.85,54.5,1.0,14.965
8.3,17.6,-1.0,18.6,57.0,1.0,19.419
9.2,17.45,1.05,16.4,64.0,1.0,22.135
9.35,13.1,5.65,7.45,79.75,31.75,28.739
9.85,11.0,8.65,2.35,86.5,63.25,27.5085
9.9,13.2,6.55,6.65,77.75,64.0,22.744
9.65,15.25,4.1,11.15,72.0,64.0,18.0795
9.3,15.4,3.3,12.1,74.0,64.0,18.174
11.8,16.9,6.6,10.3,61.5,64.0,25.4065
10.7,14.9,6.45,8.45,71.5,67.5,31.414
7.5,12.4,2.6,9.8,66.75,35.5,27.251
2.4,6.7,-1.9,8.6,46.0,0.0,27.403
0.45,3.6,-2.75,6.35,47.5,0.0,25.794
1.85,5.3,-1.7,7.0,58.5,0.0,22.5405
0.7,2.95,-1.6,4.55,59.75,0.0,27.651
-0.35,2.25,-2.9,5.15,51.0,0.0,31.679
0.75,5.1,-3.55,8.65,46.25,0.0,29.104
1.4,6.9,-4.1,11.0,53.75,0.25,22.75
1.6,8.3,-5.15,13.45,49.75,0.5,22.1925
3.0,9.9,-4.0,13.9,46.5,0.5,20.154
4.0,8.85,-0.9,9.75,51.5,0.5,19.2205
3.0,6.2,-0.2,6.4,52.0,0.5,23.8525
1.0,3.55,-1.6,5.15,56.25,0.5,31.714
0.1,3.1,-2.95,6.05,51.5,0.5,35.491
0.95,5.75,-3.85,9.6,51.5,0.5,28.079
1.15,6.65,-4.4,11.05,61.0,1.0,28.3355
-1.7,1.8,-5.25,7.05,53.25,1.5,27.7805
-3.1,0.3,-6.5,6.8,40.5,1.5,25.5965
-2.75,2.7,-8.2,10.9,46.0,1.5,26.887
-0.6,4.35,-5.55,9.9,56.0,1.5,32.562
0.6,4.4,-3.2,7.6,55.5,1.5,35.574
-1.1,2.95,-5.2,8.15,54.75,1.5,31.929
0.45,5.8,-5.0,10.8,56.0,1.5,31.8495
3.1,9.6,-3.5,13.1,55.75,1.5,33.059
3.15,8.1,-1.8,9.9,44.0,1.5,31.615
1.3,6.75,-4.1,10.85,36.0,1.5,26.5315
0.25,8.4,-7.85,16.25,42.75,1.5,28.433
-0.15,7.7,-7.95,15.65,48.5,1.5,32.685
1.2,7.85,-5.45,13.3,54.25,1.5,35.548
3.65,9.9,-2.6,12.5,48.5,1.5,39.113
2.4,7.8,-2.95,10.75,50.5,3.75,44.5835
-1.5,1.85,-4.8,6.65,50.75,3.0,46.489
-2.6,-0.3,-4.95,4.65,43.25,0.0,0.036
-1.9,3.35,-7.15,10.5,43.25,0.0,47.1755
0.75,9.2,-7.65,16.85,46.75,0.0,94.315
3.15,11.4,-5.05,16.45,57.25,1.5,80.884
3.0,10.7,-4.6,15.3,61.5,3.0,69.2645
0.4,3.6,-2.8,6.4,23.0,3.0,52.834
0.4,4.55,-3.8,8.35,26.0,3.0,49.4375
1.25,5.05,-2.6,7.65,31.75,3.0,56.3595
2.9,6.0,-0.2,6.2,35.75,3.0,66.878
2.4,7.0,-2.15,9.15,43.75,3.0,71.889
0.65,6.35,-5.0,11.35,44.0,3.0,63.469
0.1,7.35,-7.1,14.45,45.25,3.0,60.819
1.25,7.0,-4.5,11.5,54.5,3.0,52.931
3.75,8.55,-1.1,9.65,54.5,3.0,44.6725
3.15,9.5,-3.2,12.7,58.75,3.0,43.1305
1.15,5.75,-3.45,9.2,49.75,3.0,46.971
0.45,5.75,-4.85,10.6,35.25,3.0,49.333
1.5,6.85,-3.85,10.7,40.75,3.0,45.424
2.1,7.45,-3.2,10.65,48.25,3.0,43.7885
1.35,6.45,-3.75,10.2,58.75,5.0,41.6175
2.4,5.35,-0.6,5.95,71.25,7.0,38.157
2.8,7.45,-1.8,9.25,70.75,7.0,39.387
2.35,8.9,-4.15,13.05,63.25,7.0,45.4165
1.8,7.65,-4.0,11.65,70.75,10.5,47.291
4.9,9.85,0.0,9.85,78.75,14.75,36.069
5.45,10.05,0.8,9.25,63.5,15.5,33.87
1.75,6.25,-2.85,9.1,47.25,15.5,32.1575
0.6,4.65,-3.5,8.15,59.0,15.5,29.257
0.25,3.65,-3.1,6.75,67.0,15.75,29.2955
-0.2,4.0,-4.3,8.3,47.75,16.0,37.022
-0.65,6.5,-7.7,14.2,41.0,8.0,41.323
0.8,9.3,-7.6,16.9,45.75,0.0,25.432
1.8,9.5,-5.9,15.4,50.25,0.0,25.024
1.5,8.2,-5.25,13.45,53.5,0.0,22.204
1.9,6.05,-2.2,8.25,46.25,0.0,18.8945
3.05,7.25,-1.1,8.35,42.0,0.0,20.9065
2.65,8.1,-2.75,10.85,50.0,0.0,26.3085
-0.05,5.55,-5.55,11.1,45.5,0.0,28.801
-2.7,2.7,-8.0,10.7,30.5,0.0,28.957
0.2,4.85,-4.35,9.2,30.75,0.0,28.2235
4.7,9.5,0.0,9.5,38.75,0.0,25.051
3.6,8.05,-0.85,8.9,44.5,0.0,23.8655
1.4,5.6,-2.85,8.45,38.5,0.0,26.9235
1.45,8.05,-5.1,13.15,40.0,0.0,28.853
2.85,10.45,-4.75,15.2,56.75,2.0,28.978
4.2,7.9,0.45,7.45,79.25,12.0,41.497
4.55,5.9,3.25,2.65,82.5,20.0,41.911
4.1,6.1,2.15,3.95,60.75,20.0,35.1755
4.05,8.25,-0.2,8.45,49.0,20.0,28.026
4.8,9.85,-0.25,10.1,68.5,28.25,0.326
6.8,10.55,3.0,7.55,69.0,36.75,0.326
6.5,12.0,1.0,11.0,49.5,37.0,71.758
5.9,12.1,-0.25,12.35,38.75,37.0,62.11
5.35,11.45,-0.75,12.2,46.75,37.0,45.2445
4.25,9.15,-0.65,9.8,49.75,37.0,39.6155
2.35,6.6,-1.85,8.45,38.25,37.0,45.251
0.5,5.55,-4.5,10.05,47.25,38.5,49.241
1.55,5.95,-2.8,8.75,66.0,20.75,49.184
3.6,8.95,-1.7,10.65,53.5,1.5,71.721
3.3,8.65,-2.05,10.7,54.25,3.5,70.345
1.85,5.0,-1.3,6.3,51.25,5.5,66.9815
1.0,6.25,-4.25,10.5,36.5,5.5,62.657
2.3,9.9,-5.3,15.2,43.25,5.5,60.0945
5.1,13.3,-3.15,16.45,48.25,5.5,73.3435
6.0,15.1,-3.2,18.3,46.5,5.5,86.818
5.1,14.0,-3.85,17.85,41.25,5.5,111.514
1.7,7.75,-4.3,12.05,34.0,5.5,109.7065
1.4,5.9,-3.05,8.95,31.25,5.5,103.583
4.55,9.8,-0.65,10.45,29.25,5.5,93.3505
3.85,9.65,-1.85,11.5,44.25,5.5,87.9435
4.2,11.3,-2.8,14.1,59.0,5.5,93.1075
6.65,15.6,-2.2,17.8,50.0,5.5,97.762
8.8,18.75,-1.1,19.85,42.5,5.5,95.945
10.95,21.4,0.45,20.95,42.5,5.5,95.9335
10.8,16.8,4.75,12.05,62.5,31.75,90.6255
12.0,15.55,8.4,7.15,75.0,58.25,85.124
14.7,20.85,8.55,12.3,62.5,58.5,94.284
14.8,21.45,8.2,13.25,50.75,58.5,110.1045
13.15,19.45,6.85,12.6,41.25,58.5,116.56
9.55,15.2,3.95,11.25,31.0,58.5,129.475
6.5,13.2,-0.15,13.35,32.0,58.5,127.216
6.1,14.9,-2.7,17.6,39.5,58.5,113.7305
7.55,17.85,-2.75,20.6,42.0,58.5,96.1495
8.9,19.55,-1.75,21.3,43.0,58.5,85.775
9.6,20.05,-0.9,20.95,42.5,58.5,85.4245
12.15,21.0,3.3,17.7,42.0,58.5,89.094
13.25,21.0,5.55,15.45,50.75,58.5,103.39
11.8,17.65,6.0,11.65,75.25,58.5,101.4355
12.6,16.65,8.6,8.05,87.5,29.25,98.995
14.25,19.45,9.05,10.4,83.5,5.25,94.431
15.6,20.55,10.65,9.9,76.0,12.25,87.1395
14.8,18.95,10.65,8.3,66.5,23.5,87.7075
11.7,14.75,8.7,6.05,75.75,33.5,91.489
11.1,13.3,8.95,4.35,86.75,38.25,117.406
9.85,11.85,7.85,4.0,81.75,42.75,118.8525
8.6,11.2,6.05,5.15,72.25,43.5,103.2815
10.4,14.65,6.25,8.4,59.75,44.0,73.9315
11.75,18.0,5.5,12.5,55.75,44.0,62.2955
12.35,20.45,4.2,16.25,56.0,44.0,78.6905
12.2,19.9,4.45,15.45,50.0,44.0,94.389
10.65,14.55,6.65,7.9,65.75,50.5,99.95
9.45,11.9,6.95,4.95,77.75,66.75,95.268
11.35,16.7,6.0,10.7,60.5,76.5,86.1095
13.3,21.3,5.35,15.95,54.25,77.0,72.822
12.05,21.1,3.05,18.05,49.75,77.5,69.304
10.9,19.8,2.0,17.8,41.0,77.5,86.6505
13.2,16.7,9.8,6.9,92.5,81.0,98.704
13.2,16.7,9.8,6.9,92.5,84.5,79.821
15.8,22.9,8.8,14.1,57.0,84.5,80.5935
14.9,22.55,7.3,15.25,54.0,84.5,72.216
13.9,22.25,5.55,16.7,51.75,84.5,60.5215
15.35,23.85,6.85,17.0,48.0,84.5,70.5815
16.7,26.05,7.35,18.7,43.75,84.5,94.833
17.1,27.75,6.45,21.3,40.5,84.5,106.48
18.15,28.0,8.3,19.7,40.5,84.5,85.879
16.6,23.8,9.4,14.4,56.0,86.5,82.8275
14.6,18.05,11.2,6.85,81.0,118.5,72.8915
16.75,19.65,13.85,5.8,83.5,148.5,57.0235
19.55,25.1,13.95,11.15,69.5,74.25,50.8375
19.75,25.75,13.75,12.0,68.75,0.0,55.684
18.3,21.6,15.0,6.6,78.5,14.25,57.733
17.05,20.3,13.8,6.5,71.0,28.5,75.21
15.25,23.0,7.5,15.5,51.25,28.5,69.2585
14.05,23.05,5.05,18.0,49.5,28.5,47.2815
15.6,24.1,7.05,17.05,53.75,28.5,33.0315
16.65,25.4,7.85,17.55,53.0,28.5,33.9595
17.95,25.2,10.7,14.5,56.75,28.75,33.3715
18.65,25.15,12.15,13.0,65.0,29.0,33.631
16.25,21.55,10.95,10.6,67.75,50.5,41.577
16.1,20.15,12.1,8.05,64.0,77.75,37.122
18.6,24.7,12.6,12.1,50.5,83.5,27.6115
18.7,26.1,11.3,14.8,55.5,83.5,22.576
19.85,25.8,13.85,11.95,71.5,84.25,23.0205
21.15,27.1,15.15,11.95,61.75,85.0,25.8855
18.45,26.55,10.3,16.25,49.75,85.0,28.326
15.1,20.5,9.65,10.85,64.0,88.25,26.781
16.3,21.4,11.15,10.25,70.5,91.5,22.191
18.5,25.45,11.5,13.95,53.75,91.5,15.638
17.6,25.0,10.15,14.85,49.25,91.5,11.698
18.95,27.35,10.55,16.8,46.75,91.5,10.0585
20.2,26.5,13.85,12.65,46.25,91.5,10.5275
20.0,27.05,12.95,14.1,52.25,91.5,10.659
20.9,30.1,11.75,18.35,51.25,91.5,10.414
21.75,31.95,11.6,20.35,47.75,91.5,7.211
22.05,31.6,12.55,19.05,47.5,91.5,4.2305
22.25,30.0,14.5,15.5,48.25,91.5,4.1725
21.75,29.7,13.75,15.95,50.25,91.5,3.546
20.05,25.9,14.1,11.8,64.0,93.75,3.152
20.3,25.7,14.85,10.85,68.25,96.0,3.104
21.7,29.25,14.1,15.15,64.0,48.0,2.535
21.25,26.85,15.65,11.2,70.0,0.0,1.787
22.1,26.85,17.35,9.5,61.75,0.0,0.665
22.05,29.45,14.6,14.85,48.5,0.0,0.243
18.0,24.1,11.85,12.25,59.75,3.0,0.2575
17.3,22.35,12.15,10.2,69.25,6.0,0.308
19.25,26.05,12.4,13.65,63.0,6.0,0.296
18.7,24.05,13.35,10.7,69.0,10.5,0.419
20.4,25.5,15.25,10.25,71.5,15.0,0.4145
23.05,29.65,16.4,13.25,64.0,15.0,0.4245
21.7,26.35,17.1,9.25,68.5,15.0,0.3465
22.3,27.0,17.65,9.35,66.75,15.0,0.244
22.8,28.95,16.65,12.3,66.0,15.0,0.253
21.05,26.4,15.7,10.7,72.0,15.25,0.272
22.2,26.85,17.55,9.3,73.0,15.5,0.12
24.15,28.65,19.7,8.95,71.75,15.5,0.116
22.6,25.95,19.3,6.65,74.75,15.5,0.108
21.25,24.95,17.55,7.4,73.0,15.5,0.123
22.9,28.9,16.95,11.95,65.5,22.75,0.085
21.9,25.95,17.9,8.05,75.25,35.5,0.0195
20.55,23.55,17.55,6.0,81.25,41.0,0.011
22.4,27.75,16.95,10.8,71.25,41.0,0.015
22.4,27.25,17.45,9.8,70.5,41.0,0.015
27.8,32.85,22.8,10.05,70.0,0.0,0.2
28.15,33.5,22.85,10.65,68.25,0.0,0.25
28.0,33.85,22.15,11.7,68.5,0.0,0.3
14.2,18.2,10.15,8.05,56.5,49.5,0.021
15.15,20.5,9.8,10.7,53.0,49.5,0.021
16.45,24.0,8.9,15.1,51.25,49.5,0.001
16.65,24.55,8.7,15.85,56.75,49.5,0.001
16.5,23.95,9.0,14.95,63.25,49.5,0.07
17.15,25.05,9.25,15.8,62.5,49.5,0.07
16.2,25.35,7.0,18.35,59.0,49.5,0.16
16.45,24.5,8.35,16.15,62.5,49.5,0.1025
17.3,24.8,9.85,14.95,64.75,49.5,0.1365
17.0,23.5,10.55,12.95,68.75,49.5,0.12
16.85,22.5,11.2,11.3,69.25,49.5,0.746
16.65,22.9,10.45,12.45,68.5,49.5,0.892
15.45,21.9,9.1,12.8,66.5,49.5,0.304
13.85,19.8,7.95,11.85,62.5,49.5,4.633
13.35,18.25,8.45,9.8,65.0,55.25,2.9845
12.9,17.6,8.25,9.35,60.0,61.0,2.606
12.05,17.7,6.4,11.3,55.5,61.0,2.969
10.7,16.25,5.1,11.15,54.0,61.0,4.656
8.5,14.6,2.35,12.25,46.5,61.0,5.4065
6.2,11.95,0.45,11.5,54.0,30.5,3.563
7.1,13.2,1.05,12.15,60.0,0.0,14.027
11.2,18.95,3.5,15.45,53.25,0.0,8.628
11.8,20.45,3.15,17.3,56.75,0.0,4.8875
12.3,20.85,3.65,17.2,60.75,0.0,4.8835
13.25,20.25,6.2,14.05,62.25,2.25,8.4155
12.65,16.1,9.15,6.95,77.0,18.5,16.8795
13.6,14.7,12.5,2.2,90.0,33.75,20.149
14.05,16.55,11.65,4.9,83.25,36.0,23.767
12.6,17.1,8.15,8.95,68.75,37.0,24.7405
12.0,18.05,5.95,12.1,65.75,37.0,21.575
12.95,18.9,6.95,11.95,66.5,37.0,20.5625
12.75,16.25,9.25,7.0,72.25,58.0,28.838
13.0,15.4,10.6,4.8,81.25,79.5,35.553
14.25,18.35,10.15,8.2,73.0,80.0,37.119
12.85,16.95,8.85,8.1,74.25,83.25,33.778
13.3,16.2,10.5,5.7,83.5,86.5,33.0265
13.85,16.5,11.25,5.25,80.25,93.25,27.632
11.5,13.55,9.45,4.1,79.25,100.0,24.9425
11.5,14.75,8.25,6.5,71.75,100.0,30.712
12.4,17.5,7.3,10.2,64.0,100.0,27.469
12.2,15.5,8.8,6.7,78.0,100.0,20.41
11.9,14.65,9.05,5.6,78.5,100.0,31.13
11.4,13.6,9.2,4.4,64.75,100.0,24.6235
9.1,11.35,6.85,4.5,61.25,102.5,16.311
4.7,7.05,2.25,4.8,65.0,105.0,12.7275
2.8,5.35,0.15,5.2,55.75,105.0,14.7145
4.2,7.55,0.85,6.7,55.5,105.0,19.503
5.9,10.5,1.35,9.15,57.75,105.0,20.527
6.85,12.2,1.55,10.65,61.5,105.0,18.194
6.4,12.75,0.05,12.7,66.5,52.5,17.3435
5.9,11.85,-0.15,12.0,66.0,0.75,14.8
4.85,8.7,0.95,7.75,60.5,1.75,16.974
3.55,6.35,0.75,5.6,57.75,2.0,25.93
5.15,7.0,3.25,3.75,51.0,2.0,34.733
5.8,9.25,2.35,6.9,48.25,2.0,38.447
4.8,11.85,-2.25,14.1,56.25,2.0,25.668
5.05,12.95,-2.9,15.85,57.5,2.0,27.5235
5.5,13.0,-2.0,15.0,60.0,2.0,30.197
6.85,11.4,2.3,9.1,76.25,13.25,32.623
8.15,10.15,6.15,4.0,87.5,28.25,41.3705
7.05,11.3,2.75,8.55,75.5,32.0,55.3095
7.5,13.25,1.75,11.5,61.75,32.0,62.109
7.7,11.65,3.85,7.8,72.25,34.5,47.484
7.2,9.6,4.9,4.7,75.5,37.25,43.692
5.6,8.4,2.9,5.5,61.75,37.5,44.1115
1.5,4.2,-1.15,5.35,46.5,37.5,47.607
0.25,4.25,-3.8,8.05,41.75,37.5,49.3435
1.85,8.3,-4.65,12.95,51.0,37.5,52.368
2.05,7.7,-3.6,11.3,60.5,37.75,52.94
3.25,8.1,-1.6,9.7,66.5,38.25,45.14
5.2,11.35,-0.9,12.25,64.5,38.5,45.7265
5.8,9.9,1.8,8.1,74.5,40.25,45.1125
6.55,9.6,3.6,6.0,72.25,42.0,45.363
4.05,8.9,-0.8,9.7,46.25,42.0,48.7435
2.7,8.55,-3.2,11.75,40.75,42.0,53.97
2.95,8.45,-2.55,11.0,45.0,42.0,57.267
1.2,4.7,-2.25,6.95,36.25,42.0,36.303
0.7,4.6,-3.1,7.7,32.25,42.0,54.8385
0.9,7.4,-5.5,12.9,41.75,42.0,58.1355
1.25,7.6,-5.1,12.7,54.0,42.0,49.3035
1.8,7.7,-4.1,11.8,57.75,21.0,29.0575
3.15,10.6,-4.3,14.9,57.5,0.0,2.405
7.0,13.7,0.35,13.35,53.5,0.0,71.214
5.6,10.25,0.9,9.35,38.5,0.0,57.338
2.85,7.1,-1.45,8.55,33.0,0.0,39.0575
2.7,6.2,-0.8,7.0,34.0,0.0,89.372
2.9,5.4,0.4,5.0,37.25,0.0,91.789
3.2,5.75,0.6,5.15,37.5,0.0,58.0505
3.9,7.15,0.6,6.55,37.75,0.0,76.614
3.3,7.35,-0.7,8.05,36.5,0.0,36.22
1.05,5.95,-3.75,9.7,32.5,0.0,52.073
0.1,3.95,-3.7,7.65,38.25,0.0,104.3835
0.2,3.3,-2.95,6.25,48.5,0.0,144.318
-0.15,5.15,-5.5,10.65,52.5,0.0,160.504
0.95,7.65,-5.7,13.35,53.25,0.0,191.31
2.0,9.0,-4.9,13.9,52.0,0.0,209.407
-0.4,4.2,-5.0,9.2,62.0,0.0,166.555
-3.2,-0.05,-6.4,6.35,56.5,0.0,156.2535
-4.85,-2.5,-7.25,4.75,42.75,0.0,129.2605
-3.25,0.2,-6.75,6.95,32.75,0.0,106.4975
-1.8,2.5,-6.2,8.7,26.75,0.0,114.496
-3.25,1.25,-7.75,9.0,30.0,0.0,140.02
-5.7,-1.4,-9.9,8.5,37.5,0.0,151.474
-3.7,0.3,-7.7,8.0,42.0,0.0,96.844
-1.75,2.2,-5.7,7.9,42.5,0.0,94.5325
1.05,5.7,-3.6,9.3,42.0,0.0,61.7395
0.75,5.25,-3.75,9.0,54.0,6.5,42.9695
0.75,3.1,-1.65,4.75,79.0,20.5,59.0555
2.7,5.0,0.35,4.65,83.75,28.0,62.598
2.2,5.5,-1.15,6.65,67.25,28.0,61.766
0.15,3.3,-3.1,6.4,45.25,14.0,41.978
-0.8,3.3,-5.0,8.3,33.25,0.0,42.3035
-0.6,5.05,-6.35,11.4,39.0,0.0,42.7965
1.05,6.15,-4.1,10.25,38.0,0.0,45.925
2.3,6.5,-1.9,8.4,29.75,0.0,67.0385
1.35,5.35,-2.6,7.95,33.25,0.0,110.9925
-0.4,5.25,-6.05,11.3,40.5,0.0,136.794
4.05,12.25,-4.1,16.35,43.75,0.0,138.273
7.95,13.3,2.6,10.7,62.0,12.75,116.181
11.8,14.3,9.25,5.05,82.5,33.0,85.166
9.7,15.4,4.0,11.4,71.5,40.5,76.243
2.1,7.95,-3.8,11.75,46.0,40.5,109.013
-0.65,2.35,-3.7,6.05,44.0,40.5,90.105
1.4,5.4,-2.6,8.0,51.5,40.5,67.637
2.75,8.6,-3.1,11.7,48.25,40.5,63.344
4.65,11.85,-2.55,14.4,44.0,40.5,75.5465
5.85,12.1,-0.4,12.5,40.5,40.5,99.583
4.0,8.9,-0.85,9.75,37.75,40.5,110.684
2.05,6.6,-2.4,9.0,38.5,40.5,53.103
3.7,8.55,-1.1,9.65,37.25,40.5,53.4375
2.95,7.45,-1.5,8.95,30.75,40.5,43.52
0.45,5.45,-4.5,9.95,31.0,40.5,38.0965
0.25,5.7,-5.2,10.9,50.75,40.5,51.304
3.35,8.85,-2.15,11.0,62.25,40.5,45.97
6.5,12.9,0.1,12.8,57.0,40.5,32.257
-0.8,2.4,-4.1,6.5,56.5,41.0,79.881
-0.45,4.1,-5.1,9.2,45.0,20.75,72.307
1.7,9.15,-5.8,14.95,39.0,0.0,58.993
4.7,14.3,-4.9,19.2,47.5,0.0,52.6805
6.15,12.45,-0.2,12.65,67.5,7.75,66.348
9.05,11.85,6.15,5.7,87.75,37.0,86.0195
12.5,17.3,7.7,9.6,73.0,59.5,91.451
11.5,18.1,4.95,13.15,60.5,60.5,83.428
8.45,14.3,2.55,11.75,58.25,62.25,83.5025
7.05,11.9,2.2,9.7,50.25,64.0,85.218
5.15,9.5,0.85,8.65,37.75,64.0,86.593
2.9,7.15,-1.35,8.5,28.25,64.0,89.3335
2.65,8.65,-3.35,12.0,34.0,64.0,94.7915
3.7,9.4,-2.05,11.45,42.0,64.0,97.243
5.1,10.2,-0.1,10.3,48.0,64.0,112.752
5.95,13.85,-2.0,15.85,46.5,64.0,104.3615
8.3,16.9,-0.25,17.15,39.0,64.0,86.3675
9.85,19.05,0.7,18.35,37.75,64.0,74.3695
9.85,16.4,3.35,13.05,56.0,68.25,86.985
11.75,16.3,7.3,9.0,64.75,72.5,103.97
11.0,16.95,5.15,11.8,62.0,72.5,105.945
10.2,15.7,4.75,10.95,56.5,72.5,121.648
10.9,18.7,3.1,15.6,46.75,72.5,119.291
10.9,18.6,3.2,15.4,38.25,72.5,113.713
9.1,15.25,2.95,12.3,36.5,72.5,111.9835
6.85,12.0,1.75,10.25,51.0,73.0,117.1605
6.65,12.1,1.25,10.85,58.75,74.0,119.095
6.75,14.0,-0.45,14.45,56.75,74.5,117.344
8.05,16.75,-0.55,17.3,48.75,74.5,117.981
9.6,18.55,0.7,17.85,46.25,74.5,109.373
11.95,20.55,3.3,17.25,51.5,74.5,104.5775
13.2,22.2,4.2,18.0,50.25,74.5,104.713
13.55,23.35,3.85,19.5,49.0,37.25,110.1895
13.6,22.95,4.3,18.65,55.5,0.0,129.0805
12.0,16.7,7.3,9.4,74.5,10.5,138.818
11.25,12.8,9.65,3.15,87.0,22.25,158.559
12.75,16.85,8.6,8.25,72.0,23.5,155.257
13.45,20.8,6.1,14.7,57.75,38.25,132.717
13.4,20.15,6.6,13.55,66.75,64.25,108.0845
15.35,21.8,8.85,12.95,63.0,75.5,107.083
16.4,24.6,8.15,16.45,49.75,75.5,120.472
16.05,24.6,7.45,17.15,50.5,75.5,129.468
13.8,18.95,8.65,10.3,60.0,75.5,147.483
11.75,16.2,7.35,8.85,60.0,77.25,140.695
11.9,18.5,5.4,13.1,52.0,79.0,122.6925
18.3,25.3,11.3,14.0,54.5,79.0,104.6755
15.75,23.3,8.2,15.1,56.25,79.0,94.705
12.8,20.05,5.5,14.55,65.5,101.75,95.459
14.2,19.55,8.8,10.75,63.0,127.0,99.381
15.6,19.95,11.25,8.7,47.25,129.5,126.201
15.35,20.8,9.9,10.9,41.5,129.5,115.4035
14.55,21.4,7.65,13.75,48.0,129.5,98.5635
14.3,19.85,8.75,11.1,64.0,144.0,87.142
16.7,23.05,10.45,12.6,63.25,158.5,82.106
17.9,24.45,11.35,13.1,46.75,158.5,87.048
16.75,22.8,10.7,12.1,40.25,158.5,91.647
16.6,25.3,8.0,17.3,44.75,158.5,89.097
16.9,26.35,7.5,18.85,50.0,158.5,86.485
15.15,21.2,9.1,12.1,64.75,185.0,75.9065
14.35,18.05,10.6,7.45,74.5,214.75,63.0445
15.2,20.0,10.35,9.65,65.5,218.75,61.1255
16.05,23.5,8.55,14.95,58.5,219.5,62.9045
16.85,26.2,7.4,18.8,58.25,109.75,61.707
16.75,24.75,8.75,16.0,65.75,0.25,80.93
16.5,21.55,11.5,10.05,69.0,27.0,70.0805
17.65,21.35,13.95,7.4,48.75,53.5,50.811
17.5,23.95,11.0,12.95,38.5,53.5,45.3965
17.5,23.0,11.9,11.1,60.25,53.5,46.263
18.9,23.2,14.6,8.6,58.75,53.5,49.718
17.2,24.1,10.35,13.75,50.5,53.5,55.312
16.8,23.35,10.25,13.1,57.75,53.5,42.002
16.3,20.25,12.35,7.9,68.5,65.5,40.418
15.9,19.9,11.9,8.0,72.75,77.75,36.307
18.0,23.7,12.3,11.4,63.25,78.0,31.1325
17.9,23.9,11.85,12.05,63.5,78.0,30.872
17.1,23.7,10.5,13.2,65.5,78.0,38.8055
17.45,24.3,10.6,13.7,66.5,80.5,44.352
16.4,23.0,9.75,13.25,61.75,87.5,31.687
16.1,25.1,7.1,18.0,53.75,92.0,28.9405
18.6,29.65,7.55,22.1,52.0,92.0,21.9285
19.95,29.95,9.9,20.05,52.0,92.0,15.8895
19.4,28.9,9.9,19.0,53.25,92.0,16.9375
19.25,28.35,10.25,18.1,52.5,92.0,20.034
19.6,28.25,11.0,17.25,53.0,92.0,20.309
19.55,28.45,10.7,17.75,56.0,92.0,19.699
18.85,25.3,12.5,12.8,64.75,101.25,16.818
19.05,24.95,13.15,11.8,65.25,110.5,11.5625
20.15,28.15,12.05,16.1,59.75,110.5,8.1045
21.9,28.6,15.1,13.5,57.0,110.5,5.5645
22.65,28.05,17.2,10.85,54.0,110.5,6.5825
21.4,27.0,15.8,11.2,58.25,110.5,9.057
21.85,29.25,14.45,14.8,56.0,110.5,4.025
22.3,31.1,13.5,17.6,52.0,110.5,3.4635
21.65,28.4,14.9,13.5,56.25,55.25,2.0585
20.7,27.45,13.9,13.55,56.0,0.0,0.829
20.55,28.75,12.3,16.45,54.5,0.0,0.6055
19.35,24.9,13.75,11.15,66.75,6.0,0.755
19.05,23.85,14.2,9.65,70.25,12.0,0.742
19.3,23.0,15.6,7.4,72.75,12.25,0.451
19.8,22.4,17.25,5.15,78.5,12.5,0.264
21.4,24.65,18.25,6.4,78.5,12.75,0.0595
22.5,26.1,18.9,7.2,75.75,13.0,0.1035
23.6,28.55,18.55,10.0,69.0,13.0,0.156
23.35,28.4,18.25,10.15,71.0,13.0,3.718
22.95,26.9,19.05,7.85,76.25,13.0,7.289
23.3,26.95,19.65,7.3,76.5,13.0,0.006
24.0,28.5,19.5,9.0,70.25,13.0,0.029
22.95,27.25,18.65,8.6,70.0,13.0,0.046
22.85,27.0,18.6,8.4,70.5,16.25,0.029
24.05,29.8,18.25,11.55,61.25,19.5,0.018
23.65,29.05,18.25,10.8,65.25,26.25,0.025
22.7,26.5,18.8,7.7,76.25,27.25,0.025
22.75,24.4,21.05,3.35,84.5,30.5,0.034
23.6,26.4,20.8,5.6,78.5,33.5,0.034
25.95,29.3,22.55,6.75,77.0,211.0,5.666
26.85,31.8,21.9,9.9,69.25,211.0,5.666
14.25,23.75,8.6,15.15,76.7,241.3,0.027
14.45,19.85,11.05,8.8,86.45,252.45,0.027
16.6,24.1,12.8,11.3,83.0,317.1,0.066
15.65,23.3,11.75,11.55,82.8,317.1,0.15
15.55,23.1,10.7,12.4,80.75,317.1,0.1305
15.55,20.2,11.85,8.35,78.7,317.1,0.103
16.05,19.9,13.6,6.3,78.1,317.1,0.1175
15.45,18.9,12.4,6.5,77.55,317.1,0.056
14.55,17.7,11.5,6.2,73.8,317.1,0.465
14.85,19.65,11.2,8.45,73.0,318.3,0.2685
14.35,19.6,10.5,9.1,77.7,320.75,0.194
13.05,18.9,8.3,10.6,79.15,322.0,0.2385
13.4,17.3,9.5,7.8,80.7,323.6,0.488
13.4,16.1,9.9,6.2,73.55,327.2,0.819
11.05,17.1,6.1,11.0,61.3,329.2,0.823
8.65,15.35,4.4,10.95,67.7,329.2,2.927
7.55,12.35,3.2,9.15,59.2,164.6,1.7615
6.85,12.55,1.6,10.95,43.05,0.0,1.009
7.7,14.1,2.55,11.55,54.5,0.0,1.241
8.15,16.05,2.6,13.45,71.05,0.0,1.9165
8.85,18.8,1.95,16.85,77.15,0.0,2.1235
10.4,18.0,4.2,13.8,78.75,0.0,1.474
11.45,17.15,6.05,11.1,77.15,0.0,8.078
11.7,16.6,5.85,10.75,63.5,0.0,5.9345
8.6,13.6,3.1,10.5,48.45,0.0,4.806
7.0,13.7,2.1,11.6,56.05,0.0,5.8445
8.75,15.0,4.1,10.9,68.3,0.0,9.058
8.9,16.8,3.0,13.8,71.65,0.0,11.3955
8.6,17.2,1.8,15.4,79.05,0.0,10.543
11.6,16.55,6.9,9.65,86.45,0.0,17.757
13.6,17.5,7.35,10.15,67.6,0.0,15.7155
10.05,16.9,1.05,15.85,52.4,0.0,11.924
8.1,17.0,1.05,15.95,59.7,0.0,12.69
8.7,16.75,3.05,13.7,71.0,0.95,15.558
11.15,17.3,6.7,10.6,83.95,2.45,19.435
14.5,20.15,9.3,10.85,73.55,3.5,22.96
12.65,17.95,6.95,11.0,70.8,4.0,29.006
9.55,13.7,5.35,8.35,71.3,4.0,28.213
7.05,11.9,3.25,8.65,47.0,4.0,24.9695
4.25,9.0,1.45,7.55,33.9,4.0,21.1175
4.25,8.4,1.0,7.4,41.7,4.0,23.8695
2.05,6.2,-1.5,7.7,65.2,4.65,28.226
2.0,6.1,-1.5,7.6,80.6,6.05,28.429
5.85,10.25,2.3,7.95,60.8,6.8,29.706
6.15,11.85,2.3,9.55,42.85,6.8,24.2855
5.85,11.7,1.0,10.7,54.9,6.8,17.096
7.3,10.8,2.75,8.05,58.75,3.4,14.5495
6.65,12.35,0.5,11.85,46.65,0.0,18.512
3.8,13.4,-4.0,17.4,51.5,0.0,26.877
5.05,12.6,-1.75,14.35,61.25,0.0,30.502
7.45,13.2,1.0,12.2,64.9,0.0,28.782
6.2,11.6,-0.95,12.55,50.9,0.0,27.9875
2.1,7.9,-4.5,12.4,51.7,0.0,26.0685
1.7,9.35,-4.5,13.85,67.35,0.0,24.9415
5.1,10.75,-0.95,11.7,58.45,0.0,30.2475
4.3,10.15,-1.65,11.8,47.5,0.0,37.495
0.95,9.75,-5.7,15.45,45.7,0.0,39.434
0.65,8.95,-5.7,14.65,50.45,0.0,34.719
3.65,9.05,-1.65,10.7,61.1,0.0,37.892
4.7,8.25,0.0,8.25,58.4,0.0,39.8325
2.4,5.3,-1.35,6.65,46.15,0.0,34.759
0.5,3.9,-2.6,6.5,35.2,0.0,35.4905
2.45,7.4,-1.25,8.65,38.65,0.0,40.2465
3.15,10.6,-2.2,12.8,61.5,0.0,40.43
2.9,8.65,-1.75,10.4,81.35,1.7,40.738
6.2,10.5,2.8,7.7,86.5,5.4,40.1035
6.3,12.25,2.35,9.9,88.7,14.55,42.184
7.15,11.9,2.95,8.95,85.45,28.7,36.5175
6.35,9.35,3.4,5.95,67.6,42.95,37.5815
2.55,5.65,-0.15,5.8,58.45,50.2,53.9325
2.35,8.55,-3.1,11.65,66.4,50.2,60.838
3.95,8.9,-0.05,8.95,82.15,54.7,43.747
4.55,6.65,1.35,5.3,70.0,66.2,45.9745
1.15,6.95,-4.4,11.35,50.8,73.2,47.837
-0.3,5.2,-5.3,10.5,45.1,73.2,45.4975
0.05,5.35,-5.05,10.4,38.65,73.2,47.3015
0.65,8.2,-5.3,13.5,48.6,73.2,53.95
3.25,10.45,-2.95,13.4,63.75,36.6,56.82
6.1,12.25,-1.75,14.0,69.05,0.0,1.042
7.25,12.2,-0.05,12.25,54.95,0.0,25.4985
5.6,11.85,-0.95,12.8,49.1,0.0,42.3825
4.05,10.45,-2.65,13.1,65.25,0.0,30.8245
4.7,10.3,-0.7,11.0,69.2,0.0,29.683
4.3,9.9,-1.1,11.0,71.15,0.0,36.033
4.65,10.85,0.25,10.6,78.0,1.7,39.539
6.3,10.75,2.35,8.4,66.2,5.15,32.621
4.6,7.15,1.0,6.15,49.6,6.9,35.33
1.35,4.9,-1.45,6.35,40.3,6.9,35.1895
1.65,5.0,-2.45,7.45,41.6,6.9,30.848
2.25,5.7,-1.75,7.45,46.35,6.9,33.348
-1.25,2.15,-4.35,6.5,40.5,6.9,39.771
-3.3,1.6,-7.55,9.15,31.95,6.9,42.202
-2.75,5.45,-9.0,14.45,32.35,6.9,32.39
-2.55,6.5,-9.1,15.6,43.95,6.9,30.1855
-1.35,6.85,-7.7,14.55,50.5,6.9,28.3005
0.05,8.2,-6.45,14.65,52.4,6.9,24.3455
-1.05,5.3,-4.95,10.25,55.65,6.9,22.358
-2.1,2.2,-5.5,7.7,55.55,6.9,26.725
-2.1,2.15,-6.05,8.2,51.1,6.9,28.805
-3.1,0.25,-5.25,5.5,44.9,6.9,23.562
-3.5,1.15,-6.05,7.2,41.35,6.9,23.495
-2.95,4.25,-8.35,12.6,46.1,6.9,22.4125
-2.8,7.15,-10.95,18.1,50.35,6.9,27.327
0.25,8.5,-7.5,16.0,42.8,6.9,33.452
2.25,9.7,-5.4,15.1,38.7,6.9,33.647
0.05,7.35,-6.4,13.75,46.55,6.9,1.015
-0.05,7.05,-6.4,13.45,38.45,3.45,27.447
2.2,7.45,-4.15,11.6,25.85,0.0,42.649
2.6,10.4,-5.2,15.6,27.9,0.0,28.804
5.5,12.8,-3.35,16.15,37.1,0.0,30.2895
6.85,11.3,0.9,10.4,56.15,0.0,34.39
4.1,7.45,0.6,6.85,57.95,0.0,39.415
2.35,7.4,-2.75,10.15,42.45,0.0,37.7245
1.95,8.45,-3.1,11.55,45.6,0.0,31.585
-0.1,4.6,-3.25,7.85,45.7,0.0,25.765
-2.85,0.1,-4.45,4.55,43.85,0.0,31.278
-2.95,0.55,-4.65,5.2,44.4,0.0,37.343
-0.4,4.5,-3.15,7.65,45.8,0.0,36.524
1.7,8.05,-3.45,11.5,48.55,0.0,34.507
3.2,9.45,-3.6,13.05,45.85,0.0,36.8665
3.15,12.15,-4.65,16.8,44.85,0.0,37.5055
3.75,15.85,-6.55,22.4,53.45,0.5,35.4975
7.35,15.35,-2.45,17.8,58.15,1.5,39.892
5.55,9.75,-0.4,10.15,45.2,2.0,48.4215
2.85,8.8,-4.05,12.85,39.55,2.0,52.269
5.4,12.4,-3.75,16.15,51.7,5.55,60.602
4.35,11.3,-3.8,15.1,54.45,12.85,59.2925
3.1,9.15,-1.75,10.9,68.9,27.0,54.8155
4.25,8.4,1.95,6.45,70.25,53.15,48.239
2.7,7.85,-0.95,8.8,47.6,68.9,47.1595
3.45,8.85,-0.9,9.75,41.15,68.9,52.8845
5.4,11.1,1.05,10.05,45.3,68.9,56.28
5.15,12.6,-0.9,13.5,54.25,68.9,52.331
4.85,13.5,-3.25,16.75,60.2,68.9,53.458
6.9,13.75,-1.35,15.1,59.7,34.95,51.2855
6.75,10.15,1.0,9.15,61.55,1.75,49.4215
4.95,10.5,-1.2,11.7,53.85,3.25,53.635
5.8,15.1,-2.8,17.9,49.95,4.0,59.1505
7.0,15.95,-1.9,17.85,55.65,4.0,61.888
6.25,12.05,-0.3,12.35,46.75,4.0,72.609
2.85,6.45,-0.8,7.25,41.45,4.0,68.671
1.45,5.1,-2.1,7.2,48.85,4.0,59.6275
4.05,8.8,-0.3,9.1,45.7,4.0,53.239
6.9,13.45,1.2,12.25,35.35,4.0,53.3055
7.9,16.65,-0.95,17.6,37.35,4.0,55.3525
8.8,18.4,-2.6,21.0,43.35,4.0,56.05
10.2,17.5,1.1,16.4,37.95,4.0,75.601
9.25,15.0,2.8,12.2,40.55,4.0,68.3015
6.9,13.9,-0.95,14.85,48.5,4.0,60.152
6.85,14.2,-2.4,16.6,50.55,4.0,58.31
7.7,15.55,-2.05,17.6,50.35,4.0,58.917
8.0,17.45,-0.85,18.3,48.0,4.0,59.977
9.55,18.4,1.0,17.4,48.3,4.0,59.438
8.9,16.2,1.0,15.2,63.3,6.65,62.867
7.5,13.6,2.35,11.25,71.8,10.45,59.0205
7.95,14.2,1.2,13.0,62.1,11.6,49.2305
8.75,15.6,1.7,13.9,53.35,11.6,30.3965
8.6,14.8,3.3,11.5,55.2,11.6,34.647
6.75,10.6,3.55,7.05,77.5,16.9,54.976
6.4,9.6,4.75,4.85,83.2,31.65,58.164
6.7,10.55,3.4,7.15,66.2,41.1,54.546
8.05,12.7,0.75,11.95,55.05,41.1,48.3585
8.1,12.75,1.75,11.0,70.65,42.2,38.021
8.65,15.2,4.25,10.95,77.75,44.5,36.0655
10.05,16.65,5.5,11.15,71.3,46.95,45.0145
8.75,12.85,6.05,6.8,78.85,24.85,56.5135
8.25,14.15,3.05,11.1,69.65,2.2,61.258
10.7,18.6,3.0,15.6,43.7,2.9,66.335
12.6,21.75,3.6,18.15,38.2,2.9,62.186
12.65,19.0,6.1,12.9,61.35,8.05,58.2035
14.1,16.5,10.8,5.7,84.25,18.5,57.3425
14.9,20.55,9.2,11.35,83.25,29.3,56.4725
15.65,25.6,7.35,18.25,68.0,34.8,57.8885
16.0,23.6,9.55,14.05,59.6,34.8,59.147
14.1,19.8,8.85,10.95,53.85,34.8,70.292
12.7,19.25,7.55,11.7,60.1,40.25,69.441
13.0,19.1,9.0,10.1,49.15,51.85,61.3305
14.15,20.35,8.5,11.85,31.75,58.0,51.19
14.35,21.25,6.7,14.55,45.0,58.0,47.76
15.8,23.6,8.5,15.1,58.35,58.85,45.9045
17.5,27.3,9.2,18.1,57.2,60.55,44.598
15.15,22.55,8.85,13.7,69.4,66.35,54.016
14.2,19.2,10.15,9.05,75.75,72.9,51.382
14.95,20.8,9.8,11.0,49.9,75.05,44.748
13.1,18.7,9.1,9.6,46.35,75.6,39.5675
12.85,19.7,7.85,11.85,60.6,75.6,37.8525
13.4,21.25,6.6,14.65,64.7,75.6,38.171
13.15,21.2,5.9,15.3,67.6,75.6,39.024
13.9,22.3,5.55,16.75,64.4,75.6,37.458
15.5,23.1,7.25,15.85,63.6,75.6,36.9465
16.0,21.95,10.7,11.25,68.15,76.45,34.807
14.65,20.2,10.3,9.9,51.55,78.15,31.4915
14.2,21.85,5.8,16.05,37.95,79.0,31.313
16.0,25.05,5.1,19.95,43.1,79.0,32.9665
18.4,28.0,8.0,20.0,47.05,79.0,33.111
19.05,28.15,10.9,17.25,53.4,39.5,37.09
17.6,25.95,10.3,15.65,51.55,0.0,32.9565
17.0,26.5,7.55,18.95,50.6,0.0,25.9875
17.75,26.85,8.35,18.5,60.25,0.0,18.764
17.7,23.7,11.95,11.75,78.4,2.4,18.4495
18.15,22.65,14.3,8.35,64.3,7.5,23.2365
18.35,25.05,10.8,14.25,39.25,10.2,23.95
18.6,26.35,10.05,16.3,39.85,10.2,22.991
16.6,23.65,12.4,11.25,63.05,16.9,20.3375
14.85,20.4,12.25,8.15,84.4,33.35,19.9075
16.75,23.75,11.5,12.25,77.35,45.75,18.3775
16.6,22.9,12.1,10.8,82.25,49.8,14.026
16.85,21.75,12.4,9.35,82.7,52.6,17.447
18.15,24.5,12.0,12.5,56.8,54.0,21.466
17.0,23.2,10.6,12.6,44.15,54.0,19.785
16.45,22.9,9.35,13.55,54.45,54.0,19.0535
17.2,24.55,9.35,15.2,61.1,54.0,14.9255
18.55,27.7,9.3,18.4,61.3,54.0,11.6575
18.05,28.4,11.0,17.4,61.3,54.0,11.6355
18.6,28.25,11.95,16.3,55.2,54.0,11.8295
20.2,28.4,11.8,16.6,54.4,54.0,12.174
19.75,28.05,11.2,16.85,60.3,54.0,11.146
19.6,27.5,11.45,16.05,64.4,54.0,9.0665
19.95,26.55,14.0,12.55,71.85,54.0,6.2485
20.6,27.95,14.8,13.15,66.5,54.0,4.7005
18.8,26.3,12.5,13.8,52.95,54.0,4.484
17.05,25.3,9.25,16.05,51.5,54.0,4.6785
18.45,29.15,9.1,20.05,58.9,54.0,4.28
23.0,32.3,13.9,18.4,50.8,54.0,3.113
24.55,32.65,15.45,17.2,45.5,54.0,2.4965
22.05,30.15,14.55,15.6,59.95,54.0,2.1165
22.1,29.65,16.3,13.35,66.7,27.0,1.467
21.65,29.9,14.2,15.7,57.45,0.0,0.6595
20.55,28.25,12.95,15.3,49.85,0.0,0.579
20.55,28.55,12.7,15.85,48.7,0.0,0.42
20.35,29.75,11.25,18.5,49.3,0.0,0.015
18.6,25.3,13.5,11.8,61.05,3.0,0.0125
17.95,22.6,15.3,7.3,76.7,7.45,0.009
20.3,26.6,16.3,10.3,67.6,10.2,0.011
21.75,29.8,14.95,14.85,54.05,11.5,0.0135
22.15,30.15,14.3,15.85,60.2,11.5,0.019
21.85,28.6,16.2,12.4,68.4,15.25,0.025
20.6,26.1,15.95,10.15,65.0,22.85,0.123
19.25,25.25,14.9,10.35,67.0,28.0,0.1015
19.85,27.7,14.55,13.15,71.15,30.85,0.0865
22.55,30.45,15.15,15.3,56.7,32.4,0.12
23.2,31.05,15.2,15.85,54.2,32.4,0.1795
22.85,31.25,15.3,15.95,61.25,32.4,0.1625
23.8,33.45,15.9,17.55,60.7,32.4,0.113
24.55,34.65,16.0,18.65,59.5,32.4,0.016
23.2,30.8,16.95,13.85,66.3,33.6,0.062
22.15,28.75,17.3,11.45,73.4,36.25,0.1065
23.3,31.4,16.8,14.6,69.7,37.7,0.1045
24.55,32.9,17.85,15.05,64.6,37.7,0.082
24.6,32.05,18.4,13.65,63.7,37.7,0.076
23.65,29.45,18.35,11.1,71.5,42.55,0.092
22.35,27.2,18.9,8.3,83.9,53.0,0.05
21.85,26.45,19.0,7.45,83.95,64.0,0.05
23.0,28.45,18.55,9.9,76.3,69.4,0.021
23.2,28.4,18.7,9.7,77.85,69.4,0.014
23.15,27.95,19.7,8.25,83.15,69.95,0.007
26.65,31.0,23.85,7.15,80.85,20.0,0.018
27.05,33.65,23.5,10.15,76.75,22.55,0.018
25.5,30.55,22.3,8.25,81.65,64.7,0.009
24.7,28.05,22.65,5.4,87.9,73.15,0.009
27.2,33.8,22.05,11.75,78.15,121.55,0.009
25.1,32.2,18.75,13.45,67.35,124.95,0.009
20.7,26.1,17.6,8.5,89.2,17.6,0.006
21.3,29.25,16.7,12.55,81.05,27.6,0.006
21.65,26.15,18.3,7.85,82.7,96.3,0.003
21.1,29.1,15.0,14.1,70.35,123.3,0.003
21.0,28.15,15.95,12.2,78.45,173.25,0.13
19.8,23.9,16.3,7.6,85.3,232.55,0.13
16.3,20.4,13.5,6.9,87.8,59.8,0.019
13.4,19.1,9.3,9.8,79.9,80.3,0.0115
13.6,21.9,8.6,13.3,68.2,92.3,0.004
13.95,18.55,10.8,7.75,83.1,93.8,0.014
14.05,20.2,10.0,10.2,83.6,94.3,0.0525
14.0,19.7,10.4,9.3,84.1,94.3,0.091
14.6,19.55,11.15,8.4,81.05,94.3,0.105
14.85,22.25,10.1,12.15,78.85,94.3,0.057
14.1,23.2,8.9,14.3,79.85,94.3,0.166
14.25,22.1,8.45,13.65,72.9,94.3,0.323
13.85,20.5,7.7,12.8,66.15,94.3,0.503
11.5,18.6,6.55,12.05,75.6,94.3,0.3375
10.55,19.2,5.8,13.4,82.35,94.3,0.6645
10.9,20.7,5.1,15.6,80.8,94.3,0.7295
12.35,21.85,6.95,14.9,77.5,94.3,0.982
13.4,21.9,7.7,14.2,79.25,94.3,1.4865
13.3,20.8,7.4,13.4,76.1,94.3,1.311
11.1,18.35,5.7,12.65,55.35,94.3,4.675
8.7,17.5,0.9,16.6,53.2,94.3,3.4805
9.0,19.8,-0.2,20.0,67.45,47.15,2.6305
10.05,20.15,2.95,17.2,75.1,0.0,2.644
10.85,20.5,4.95,15.55,77.4,0.0,4.1495
9.9,18.3,3.9,14.4,65.3,0.0,6.248
8.5,16.7,1.9,14.8,64.05,0.0,6.51
8.95,17.95,-0.2,18.15,73.05,0.0,10.588
11.6,18.8,2.55,16.25,74.75,0.0,9.539
14.25,20.0,7.3,12.7,69.7,15.8,7.388
12.0,19.7,4.6,15.1,65.15,31.6,7.6225
9.95,20.3,1.35,18.95,68.65,31.6,11.1135
9.65,18.0,1.3,16.7,57.6,31.6,16.6385
6.7,14.75,-0.55,15.3,56.85,31.6,20.009
6.5,15.8,-2.1,17.9,66.55,31.6,21.87
9.65,16.2,1.5,14.7,54.7,31.6,22.324
9.6,13.65,4.9,8.75,44.45,31.6,19.0995
6.9,11.75,1.85,9.9,47.45,31.6,16.741
5.4,12.8,-2.1,14.9,54.85,31.6,19.5235
5.3,12.0,-1.1,13.1,48.05,31.6,21.846
4.85,8.9,-0.45,9.35,38.0,31.6,22.706
4.75,8.6,-0.15,8.75,42.1,31.6,26.879
4.85,11.1,-0.75,11.85,55.75,31.6,24.42
5.5,12.25,-2.15,14.4,65.65,31.6,21.347
5.05,9.65,-0.1,9.75,62.5,31.6,20.362
3.1,7.7,-0.55,8.25,65.05,31.6,23.129
2.75,9.95,-3.15,13.1,71.35,31.6,28.2545
4.5,13.75,-1.6,15.35,73.7,31.6,30.242
5.65,14.95,-1.05,16.0,77.15,31.6,25.68
7.8,15.35,-1.05,16.4,78.2,31.6,27.1055
10.85,15.8,3.8,12.0,63.65,67.65,27.2575
8.4,12.0,3.8,8.2,36.5,103.7,24.552
3.65,7.6,-1.8,9.4,28.95,51.85,29.1545
0.6,7.45,-5.35,12.8,46.05,0.0,37.949
1.05,10.8,-5.7,16.5,64.25,0.0,40.709
3.15,9.95,-2.15,12.1,65.7,0.0,34.848
1.55,5.15,-1.8,6.95,52.6,0.0,35.646
-1.1,5.0,-5.9,10.9,57.75,0.0,34.0185
-0.1,7.9,-6.15,14.05,71.55,0.0,28.3825
0.75,6.0,-4.25,10.25,58.55,0.0,27.7125
0.8,4.5,-3.2,7.7,54.2,0.0,33.3635
2.6,7.6,-2.45,10.05,70.1,0.0,36.474
1.35,6.45,-2.9,9.35,64.75,0.0,27.466
-2.7,1.3,-5.3,6.6,47.3,0.0,29.556
-3.65,0.75,-7.2,7.95,35.7,0.0,29.3195
-3.7,4.35,-10.15,14.5,36.95,0.0,24.473
-2.3,7.05,-10.6,17.65,42.25,0.0,25.7545
0.5,6.5,-6.3,12.8,43.9,0.0,33.299
-0.75,3.65,-5.15,8.8,46.5,0.0,37.042
-1.15,4.8,-7.0,11.8,52.4,0.0,33.414
1.2,6.5,-6.55,13.05,52.7,25.5,30.9465
0.85,6.4,-5.45,11.85,49.9,51.0,27.6445
0.15,7.8,-5.45,13.25,54.45,51.0,28.3935
0.3,8.7,-6.35,15.05,60.25,51.0,34.4845
0.6,10.3,-6.6,16.9,68.5,51.0,43.692
2.95,10.7,-2.45,13.15,75.2,59.0,48.392
3.75,7.3,-0.05,7.35,60.3,75.75,35.149
2.5,4.9,-1.95,6.85,45.75,84.5,33.4785
0.5,4.05,-3.45,7.5,35.75,84.5,30.317
-0.8,4.3,-4.0,8.3,34.65,84.5,26.5885
2.45,7.1,-3.7,10.8,53.75,84.5,31.255
4.45,7.8,-2.85,10.65,66.3,84.5,41.963
3.7,6.45,-0.6,7.05,61.4,84.5,45.767
2.0,7.05,-4.5,11.55,53.7,0.0,0.358
1.0,6.2,-4.6,10.8,48.5,0.0,26.6845
1.3,5.6,-2.3,7.9,34.1,0.0,42.434
2.35,6.0,-0.6,6.6,38.9,0.0,29.7005
2.85,6.65,-1.6,8.25,43.1,0.0,30.952
-0.15,5.65,-6.1,11.75,54.7,0.0,34.36
0.7,5.25,-3.5,8.75,74.95,1.8,32.477
2.4,4.55,-0.1,4.65,71.85,3.6,27.275
-1.2,1.75,-3.5,5.25,65.2,3.6,21.1955
-4.95,-1.35,-7.7,6.35,63.55,3.6,17.454
-6.5,-2.95,-9.5,6.55,52.95,3.6,18.3055
-4.65,1.0,-9.4,10.4,57.2,3.6,24.119
-2.85,5.85,-9.1,14.95,70.85,3.6,26.217
0.25,10.0,-6.3,16.3,73.3,3.6,23.055
2.85,9.45,-3.05,12.5,82.15,5.95,21.0735
3.65,7.75,-0.65,8.4,92.5,10.15,17.715
5.5,9.6,-0.2,9.8,80.55,14.0,15.148
3.85,10.45,-2.9,13.35,66.8,16.0,18.2995
1.1,9.95,-5.4,15.35,63.6,16.0,24.431
1.15,9.4,-5.65,15.05,62.65,16.0,26.221
3.4,9.5,-1.95,11.45,62.25,16.5,21.108
0.6,6.0,-3.05,9.05,53.55,17.5,19.922
-5.95,-0.9,-8.95,8.05,40.9,18.0,17.994
-7.75,-3.5,-10.9,7.4,34.7,18.0,15.8405
-7.3,-2.25,-10.85,8.6,30.35,18.0,16.393
-6.6,1.4,-12.65,14.05,37.1,18.0,19.5025
-3.6,4.05,-9.0,13.05,42.45,18.0,20.648
-2.55,1.25,-4.8,6.05,40.5,18.0,18.857
-4.1,0.7,-7.7,8.4,43.25,18.0,18.2595
-2.2,4.3,-8.25,12.55,49.9,18.0,15.319
-0.8,6.05,-7.4,13.45,53.1,9.0,12.606
-2.15,6.05,-8.85,14.9,48.1,0.0,14.1725
-3.25,2.6,-8.3,10.9,44.85,0.0,19.0005
-4.6,-1.5,-7.25,5.75,41.8,0.0,21.892
-5.8,-1.95,-8.6,6.65,40.0,0.0,20.384
-6.25,-2.5,-10.4,7.9,40.8,24.1,18.7935
-5.95,-0.5,-11.15,10.65,37.45,48.2,16.1975
-4.8,4.65,-11.65,16.3,40.15,48.2,15.9245
-1.65,9.15,-10.05,19.2,47.85,48.2,18.463
2.3,9.6,-5.35,14.95,48.65,48.2,24.4725
0.3,3.55,-4.25,7.8,49.65,48.2,14.39
-3.05,0.0,-5.5,5.5,52.5,48.2,12.658
-1.65,3.55,-5.8,9.35,47.85,48.2,25.5195
1.35,10.35,-7.2,17.55,51.7,48.2,32.1075
4.3,13.1,-4.8,17.9,48.3,48.2,36.0
4.15,11.3,-2.6,13.9,35.4,48.2,33.612
4.35,11.7,-3.25,14.95,32.05,48.2,57.085
4.95,12.15,-3.55,15.7,39.1,48.2,53.2435
3.45,9.55,-3.95,13.5,33.65,48.2,41.6835
1.85,7.55,-4.75,12.3,30.9,48.2,34.543
1.8,10.05,-6.15,16.2,46.65,48.2,37.1545
4.3,12.85,-4.0,16.85,59.95,48.2,41.1255
5.6,13.0,-0.95,13.95,60.4,48.2,43.063
5.25,13.7,-2.2,15.9,53.0,68.5,44.986
5.3,15.65,-4.9,20.55,51.55,88.8,44.2575
5.4,12.65,-1.25,13.9,66.3,101.45,40.0165
5.05,8.5,1.45,7.05,63.9,73.8,36.635
4.3,10.1,-1.6,11.7,45.35,33.5,41.4315
5.35,14.25,-3.0,17.25,50.95,33.5,42.937
8.25,16.15,-0.4,16.55,74.15,36.25,39.777
8.65,14.9,2.7,12.2,86.2,40.6,55.579
7.6,13.6,2.7,10.9,72.95,43.95,53.3465
5.65,10.4,1.0,9.4,68.95,48.55,48.518
4.25,6.95,1.0,5.95,82.05,63.85,39.1635
4.8,8.5,1.25,7.25,78.75,91.8,36.0535
6.5,12.35,0.25,12.1,67.1,107.3,45.0915
7.95,15.6,0.0,15.6,58.1,107.3,50.481
8.5,17.3,-0.35,17.65,59.25,107.3,47.784
10.25,19.3,-0.35,19.65,69.15,107.3,47.2825
12.4,21.4,2.3,19.1,71.95,107.3,48.1465
13.8,18.9,7.75,11.15,82.25,114.0,58.413
10.8,14.9,6.55,8.35,84.4,121.5,63.435
7.4,13.55,0.0,13.55,70.7,123.05,61.275
8.2,13.65,-1.1,14.75,74.0,124.4,62.994
8.95,12.75,2.2,10.55,88.85,132.0,53.302
7.45,9.75,3.2,6.55,75.55,144.75,48.335
3.75,5.25,1.0,4.25,75.35,154.15,39.155
3.65,7.1,1.0,6.1,80.0,162.55,28.6035
6.4,13.85,-0.55,14.4,62.6,167.3,27.0005
8.4,16.7,-0.55,17.25,58.0,167.3,35.3825
11.05,19.35,1.95,17.4,54.45,167.3,39.029
12.35,21.65,2.35,19.3,50.95,167.3,54.625
12.75,22.35,2.55,19.8,51.9,167.3,54.5695
13.8,23.2,3.8,19.4,55.4,167.3,51.48
14.85,24.9,6.0,18.9,59.5,167.3,52.4155
14.8,23.55,8.15,15.4,59.05,167.3,57.0255
13.7,21.75,6.85,14.9,56.25,167.3,58.517
14.15,22.6,6.2,16.4,62.3,83.65,59.368
15.8,23.5,9.05,14.45,72.5,0.0,62.684
16.8,24.4,10.25,14.15,76.65,0.0,58.99
15.25,21.45,9.15,12.3,83.1,4.15,51.544
11.0,13.9,8.15,5.75,90.45,10.8,50.63
8.85,11.65,5.5,6.15,79.0,23.55,53.4475
6.9,11.05,2.45,8.6,57.7,45.55,46.4465
6.5,11.15,1.3,9.85,51.65,92.75,39.466
10.65,17.45,3.25,14.2,52.6,128.2,40.657
13.0,21.0,4.15,16.85,58.75,128.2,40.124
15.05,21.9,6.25,15.65,60.1,129.4,38.69
15.4,22.7,6.9,15.8,45.75,131.85,39.6225
13.25,20.15,5.25,14.9,39.6,133.1,45.3905
11.5,16.1,6.65,9.45,60.1,148.55,51.058
10.95,15.7,7.05,8.65,65.6,182.75,52.791
11.25,17.95,4.75,13.2,56.4,201.5,45.167
12.1,20.25,4.5,15.75,61.3,201.5,42.523
13.55,22.45,5.75,16.7,61.45,201.5,37.314
15.1,25.3,4.8,20.5,52.95,201.5,35.9835
17.1,27.9,5.8,22.1,44.1,201.5,39.3495
17.85,28.2,7.75,20.45,51.25,201.5,41.5455
16.05,23.1,10.05,13.05,73.85,203.05,41.61
12.75,16.45,11.0,5.45,91.75,217.35,48.232
11.55,14.1,10.4,3.7,94.2,233.35,43.329
12.95,18.2,8.5,9.7,77.05,240.35,30.9995
14.6,23.55,6.05,17.5,59.1,244.1,20.3075
16.1,24.05,8.15,15.9,52.1,244.1,19.919
16.75,24.55,9.3,15.25,53.1,252.55,28.954
15.85,25.2,6.5,18.7,61.75,261.0,35.112
16.7,24.55,8.75,15.8,69.2,261.0,36.966
17.75,22.65,12.6,10.05,79.7,130.5,33.5755
17.25,20.95,12.45,8.5,85.3,2.6,27.1075
15.05,19.0,10.9,8.1,67.95,8.2,20.6625
13.75,19.1,8.55,10.55,44.3,11.2,18.07
15.45,24.45,5.95,18.5,44.35,11.2,17.74
16.6,22.8,10.0,12.8,69.7,13.7,16.635
16.8,19.35,14.25,5.1,89.75,28.95,18.14
15.7,19.85,11.75,8.1,83.55,56.95,17.717
13.9,19.65,8.2,11.45,74.9,72.2,13.2915
14.95,22.65,8.4,14.25,68.45,72.2,10.608
16.5,24.55,9.45,15.1,64.95,72.2,14.119
16.3,21.85,10.75,11.1,72.5,73.6,17.0435
17.9,22.75,13.8,8.95,76.65,76.0,17.776
19.5,27.6,12.55,15.05,71.0,78.0,17.897
20.3,28.85,12.1,16.75,70.55,79.0,17.543
21.7,26.95,16.75,10.2,81.25,79.5,14.7185
22.6,25.7,20.6,5.1,88.2,80.5,10.6815
22.4,26.25,18.7,7.55,87.65,82.5,8.291
18.5,22.7,12.7,10.0,79.35,84.0,7.4595
14.55,20.3,7.4,12.9,67.35,84.0,7.452
14.05,20.6,8.25,12.35,71.7,84.0,4.687
15.65,21.65,10.95,10.7,79.15,86.6,4.257
18.3,24.75,12.15,12.6,72.05,94.65,3.0525
19.1,26.85,10.85,16.0,60.65,106.1,2.615
18.95,27.2,9.2,18.0,57.95,112.1,3.0605
19.6,27.45,10.55,16.9,60.95,112.1,3.2235
20.15,27.4,12.6,14.8,66.5,112.1,3.278
20.0,25.9,15.25,10.65,75.3,112.1,2.483
20.8,26.65,16.45,10.2,78.65,112.1,1.916
22.15,27.65,17.7,9.95,75.45,112.1,0.8995
21.7,27.6,17.35,10.25,63.65,112.1,0.8955
21.4,29.9,14.45,15.45,58.35,56.05,0.7375
22.6,32.55,13.75,18.8,62.2,0.0,0.2105
22.85,32.05,14.75,17.3,62.55,0.0,0.287
22.25,30.1,15.4,14.7,66.4,0.0,0.187
21.25,26.75,16.5,10.25,74.35,0.0,0.2935
21.35,27.6,16.35,11.25,75.35,0.0,0.344
23.1,31.85,16.1,15.75,70.75,0.0,0.422
24.05,31.85,17.25,14.6,68.7,0.0,0.508
23.2,28.2,18.2,10.0,67.7,0.0,0.4605
20.95,25.25,17.6,7.65,70.0,0.0,0.461
18.75,24.05,16.2,7.85,78.6,2.6,0.33
18.2,22.8,16.05,6.75,87.05,10.35,0.303
19.55,24.3,16.8,7.5,82.8,21.0,0.3575
20.85,26.3,17.65,8.65,73.25,26.5,0.3565
20.25,25.8,16.4,9.4,67.35,26.5,0.2035
19.15,25.55,13.6,11.95,66.85,26.5,0.1395
19.85,27.1,12.9,14.2,70.25,26.5,0.146
21.9,28.9,15.2,13.7,71.1,26.5,0.095
22.15,27.45,17.55,9.9,78.2,28.85,0.115
22.2,27.45,17.95,9.5,78.05,34.2,0.1405
23.5,30.2,17.2,13.0,63.85,37.2,0.139
23.35,30.75,16.25,14.5,59.2,37.2,0.081
23.4,30.9,17.3,13.6,59.85,37.2,0.03
25.1,32.7,18.55,14.15,56.35,37.2,0.03
24.35,30.05,18.8,11.25,75.05,38.3,0.025
24.4,28.65,21.4,7.25,85.95,68.5,0.025
11.4,17.7,5.8,11.9,56.4,303.9,0.03
10.7,19.65,4.4,15.25,72.65,303.9,0.03
12.7,21.3,7.0,14.3,81.65,303.9,0.024
12.4,20.4,7.3,13.1,81.5,303.9,0.0155
11.4,19.95,6.45,13.5,81.1,303.9,0.016
11.3,20.35,4.4,15.95,71.35,303.9,0.025
11.3,20.2,4.15,16.05,70.05,303.9,0.024
10.8,21.15,4.25,16.9,75.25,303.9,0.038
10.15,21.35,3.3,18.05,76.35,303.9,0.052
10.75,20.55,3.65,16.9,78.4,303.9,0.073
12.65,20.35,6.35,14.0,79.1,303.9,0.1415
13.4,21.4,7.45,13.95,72.6,303.9,0.1565
11.65,21.8,4.85,16.95,71.35,303.9,0.111
10.6,18.45,4.85,13.6,79.45,304.65,0.1375
11.05,14.05,7.95,6.1,71.6,306.15,0.3915
11.6,16.1,6.8,9.3,61.65,308.35,0.627
11.05,17.2,4.5,12.7,70.2,311.3,0.112
9.85,14.5,5.0,9.5,65.2,312.8,0.3815
8.8,14.85,3.85,11.0,61.95,312.8,0.412
8.25,16.9,1.75,15.15,69.95,156.4,0.354
8.7,18.2,-0.1,18.3,69.5,0.0,0.45
9.25,19.2,-0.1,19.3,69.5,0.0,0.7895
9.35,20.7,1.0,19.7,71.2,0.0,1.214
9.35,21.1,1.35,19.75,72.9,0.0,1.12
9.75,20.4,2.1,18.3,76.15,0.0,1.842
10.65,18.15,5.05,13.1,85.0,1.05,1.863
12.55,16.75,9.6,7.15,94.6,7.1,1.9795
13.35,16.75,8.75,8.0,81.05,22.6,3.093
11.2,17.55,4.15,13.4,71.1,33.1,5.327
8.85,16.95,2.95,14.0,85.95,34.3,7.265
9.35,15.9,4.45,11.45,88.45,36.25,7.029
9.4,16.8,3.6,13.2,84.05,37.75,7.7955
8.3,17.3,2.65,14.65,84.3,38.5,7.607
7.8,17.5,2.35,15.15,83.7,38.5,7.216
7.4,14.6,2.9,11.7,88.3,39.0,9.192
7.8,14.2,3.55,10.65,79.95,40.0,12.604
6.85,13.7,1.75,11.95,65.75,40.5,14.604
6.05,12.8,1.0,11.8,63.85,40.5,12.591
6.6,14.75,1.0,13.75,62.85,40.5,12.721
6.1,12.45,-0.25,12.7,66.5,40.5,11.3705
5.6,9.65,0.05,9.6,57.3,40.5,9.103
4.2,9.45,-0.65,10.1,51.95,40.5,13.4385
2.05,7.65,-2.95,10.6,73.95,41.7,19.053
3.45,9.65,-1.0,10.65,86.75,44.15,19.545
6.2,14.1,-0.05,14.15,84.9,45.4,17.327
7.4,16.35,-1.5,17.85,79.85,45.4,17.29
7.55,16.35,-1.45,17.8,69.35,45.4,15.6695
5.9,13.95,-2.2,16.15,61.1,45.4,15.698
5.95,14.25,-1.2,15.45,58.65,45.4,22.777
6.3,14.0,1.0,13.0,59.55,22.7,29.7075
7.7,14.7,1.0,13.7,68.35,0.0,31.171
11.25,16.25,5.55,10.7,85.75,2.75,29.204
12.45,16.1,9.0,7.1,85.4,10.0,30.8075
12.5,16.2,7.9,8.3,75.2,14.5,31.437
5.1,7.5,3.5,4.0,71.4,15.9,31.8005
2.1,6.35,-0.45,6.8,57.9,18.8,37.5685
-2.5,3.2,-5.55,8.75,45.95,20.3,50.141
-3.45,2.25,-6.4,8.65,43.15,20.3,58.283
-2.8,5.6,-7.8,13.4,44.25,20.3,45.203
-2.05,4.6,-7.25,11.85,64.3,20.3,41.6845
0.3,2.95,-3.4,6.35,67.75,20.3,34.8125
2.0,5.5,-2.4,7.9,56.35,20.3,28.5545
0.75,5.55,-4.2,9.75,53.2,20.3,29.505
-1.6,6.35,-7.45,13.8,53.9,20.3,33.537
-1.05,7.25,-7.1,14.35,66.8,20.3,33.714
3.05,7.1,-0.25,7.35,64.6,20.3,36.754
5.1,8.2,1.45,6.75,53.95,20.3,34.912
4.15,10.7,-2.5,13.2,61.9,20.3,32.036
4.1,11.65,-1.35,13.0,73.15,20.3,30.1215
4.95,12.35,-0.5,12.85,82.1,20.3,34.823
6.45,14.6,-0.5,15.1,84.9,20.3,44.6195
7.3,13.1,1.75,11.35,68.0,20.3,48.834
4.3,8.6,-0.95,9.55,49.5,20.3,54.597
0.6,6.75,-5.55,12.3,51.0,20.3,54.214
1.95,8.35,-2.7,11.05,48.6,20.3,50.9505
0.85,5.65,-2.5,8.15,31.4,20.3,46.914
-3.9,0.5,-7.35,7.85,29.0,20.3,51.056
-4.8,-1.0,-7.5,6.5,38.05,20.3,55.469
-3.65,1.55,-6.65,8.2,40.8,20.3,54.584
-2.9,5.9,-8.7,14.6,42.95,20.3,67.633
-1.25,5.35,-6.8,12.15,48.6,10.15,67.633
-0.45,6.25,-5.05,11.3,45.05,0.0,75.756
-0.65,7.2,-7.2,14.4,44.05,0.0,63.4295
1.15,7.4,-6.9,14.3,47.45,0.0,49.1785
1.45,8.7,-5.35,14.05,44.7,0.0,47.254
-0.5,7.9,-6.65,14.55,46.15,0.0,55.894
0.9,6.35,-4.5,10.85,45.2,0.0,50.415
0.45,5.65,-4.0,9.65,41.1,0.0,42.705
0.3,6.1,-5.0,11.1,43.8,0.0,40.19
2.2,8.1,-4.2,12.3,54.6,0.0,46.046
3.15,8.75,-1.8,10.55,75.15,2.55,56.2315
3.35,9.5,-1.2,10.7,82.25,7.85,60.277
1.75,10.95,-4.55,15.5,73.35,10.6,56.811
1.8,9.35,-4.25,13.6,63.15,10.6,53.6185
0.5,5.7,-4.45,10.15,46.15,10.6,47.126
0.4,4.15,-3.7,7.85,43.05,10.6,41.073
2.8,7.5,-2.4,9.9,48.1,10.6,42.415
3.0,11.2,-3.4,14.6,53.65,10.6,47.07
3.35,8.75,-2.3,11.05,57.1,10.6,47.63
2.95,6.45,-1.95,8.4,48.35,10.6,45.537
3.7,8.7,-0.7,9.4,43.75,10.6,41.14
5.5,9.95,1.5,8.45,45.5,10.6,34.378
4.25,11.15,-1.45,12.6,42.75,10.6,32.413
0.95,9.05,-5.15,14.2,43.8,10.6,35.795
-0.8,5.15,-5.1,10.25,40.95,10.6,42.217
-0.75,7.2,-7.1,14.3,39.6,10.6,45.657
1.95,8.9,-4.3,13.2,46.05,10.6,34.621
2.3,8.95,-3.45,12.4,48.95,10.6,33.228
1.75,11.85,-6.35,18.2,47.55,10.6,29.1465
2.5,10.2,-3.8,14.0,56.75,15.1,26.017
0.35,4.85,-3.65,8.5,62.4,15.05,30.101
1.05,6.05,-4.2,10.25,57.95,10.5,36.352
3.95,10.55,-1.1,11.65,75.5,15.1,19.1715
4.95,10.5,1.35,9.15,61.7,25.2,26.4585
3.6,10.45,-2.3,12.75,42.5,30.7,52.652
3.15,8.65,-1.9,10.55,40.95,30.7,72.865
1.05,5.7,-2.2,7.9,29.3,30.7,65.1155
0.65,5.0,-3.5,8.5,36.0,30.7,57.366
0.55,5.7,-4.35,10.05,39.15,30.7,57.044
0.25,6.75,-5.45,12.2,47.3,30.7,49.2045
1.15,7.9,-5.25,13.15,50.9,30.7,39.1925
2.55,7.8,-2.35,10.15,43.45,30.7,37.867
3.95,8.95,-0.4,9.35,46.5,30.7,43.023
3.75,6.65,1.0,5.65,49.7,30.7,50.335
1.9,5.95,-1.3,7.25,42.95,30.7,53.338
1.6,8.55,-4.2,12.75,42.2,30.7,62.423
2.9,8.9,-1.6,10.5,66.8,38.05,57.4065
4.35,8.55,1.3,7.25,72.2,54.9,51.582
4.1,10.45,-1.4,11.85,60.75,64.4,45.394
4.4,12.5,-2.9,15.4,63.8,64.4,46.4625
5.15,13.35,-2.55,15.9,63.65,64.4,58.6925
6.05,15.1,-2.8,17.9,63.05,64.4,64.474
7.5,16.05,-0.75,16.8,56.25,64.4,67.122
7.4,15.95,-0.95,16.9,50.1,64.4,67.259
7.15,14.05,0.55,13.5,55.15,64.4,67.1165
7.95,13.7,3.15,10.55,61.3,64.4,62.063
7.9,15.45,0.2,15.25,58.05,32.2,62.6565
7.4,15.65,-2.15,17.8,55.45,0.0,68.5
8.45,15.1,1.4,13.7,55.4,0.0,68.976
9.8,15.8,5.05,10.75,52.35,0.0,77.29
9.7,16.3,2.95,13.35,53.8,0.0,72.8685
9.55,16.1,3.3,12.8,57.0,0.0,64.081
8.9,14.65,4.5,10.15,55.95,0.0,58.721
7.45,14.75,0.4,14.35,56.5,0.0,60.6845
7.8,16.4,-2.5,18.9,58.35,0.0,65.575
7.8,13.15,0.5,12.65,74.25,6.4,67.508
7.0,11.55,2.2,9.35,83.65,22.05,76.179
7.25,13.4,1.0,12.4,68.05,31.8,71.305
5.95,11.5,1.0,10.5,46.7,32.8,62.612
5.2,10.95,-0.9,11.85,37.1,33.3,61.5735
5.5,11.75,-2.1,13.85,57.95,34.15,59.0835
5.9,11.8,0.3,11.5,65.25,36.25,58.4485
7.5,13.65,2.2,11.45,51.45,37.5,63.084
8.15,15.15,0.25,14.9,52.4,37.5,64.799
9.7,18.3,-0.45,18.75,53.8,37.5,62.5585
10.9,18.85,2.6,16.25,62.5,42.7,56.946
11.2,16.5,5.1,11.4,70.95,57.15,59.4005
9.55,14.5,4.65,9.85,58.05,66.4,63.923
6.15,12.1,2.7,9.4,45.25,67.15,67.6875
5.75,12.0,0.15,11.85,43.05,68.65,72.756
6.8,13.15,-1.8,14.95,50.4,69.4,75.944
9.15,16.75,0.65,16.1,52.1,69.4,73.3685
11.7,21.55,2.2,19.35,48.4,69.4,63.0845
13.25,22.8,4.7,18.1,54.6,69.4,51.2525
13.0,21.35,6.0,15.35,60.8,69.4,51.3445
10.65,17.65,3.4,14.25,58.1,69.4,62.9115
7.3,12.05,2.8,9.25,48.4,69.4,70.263
5.8,10.4,2.0,8.4,40.4,34.7,80.491
7.1,13.45,-0.1,13.55,41.1,0.0,75.6575
7.9,15.25,-1.85,17.1,38.9,0.0,64.728
9.8,17.6,0.35,17.25,28.7,0.0,59.209
11.95,19.7,3.3,16.4,32.3,0.0,59.244
13.0,21.6,3.5,18.1,34.0,0.0,61.635
12.8,21.35,5.35,16.0,49.35,0.0,64.568
12.8,20.3,6.3,14.0,64.5,0.0,74.794
11.95,19.05,5.5,13.55,60.55,7.65,72.043
8.7,13.4,5.4,8.0,75.55,22.1,64.82
8.0,12.4,4.45,7.95,81.3,36.15,100.2895
9.95,16.3,4.2,12.1,68.25,43.4,141.5325
10.8,18.85,3.3,15.55,59.25,43.4,99.623
10.8,17.95,4.8,13.15,56.6,43.4,56.412
11.9,19.45,4.4,15.05,46.85,43.4,60.725
13.05,23.7,1.55,22.15,41.35,43.4,56.559
14.2,24.1,5.15,18.95,48.1,43.4,48.057
15.6,24.75,7.4,17.35,54.45,43.4,46.1815
14.6,22.1,8.55,13.55,66.5,43.4,51.5585
14.45,21.5,10.4,11.1,70.9,43.4,61.5615
16.8,24.95,10.3,14.65,66.7,43.4,68.648
18.3,26.35,10.6,15.75,66.2,43.4,58.592
16.95,23.3,11.15,12.15,74.2,46.45,56.351
16.2,20.1,13.0,7.1,86.15,51.6,47.718
16.2,18.95,13.65,5.3,91.5,55.5,36.961
13.2,15.5,10.65,4.85,86.1,58.1,33.794
11.65,16.8,7.1,9.7,74.0,60.15,36.5285
12.15,19.2,7.1,12.1,69.0,61.4,38.065
11.25,15.1,8.15,6.95,80.95,73.15,36.639
12.95,16.9,9.5,7.4,88.45,104.4,34.982
16.65,23.25,11.9,11.35,73.55,61.95,27.514
17.35,24.45,9.8,14.65,54.25,0.0,22.252
17.35,26.9,6.5,20.4,44.95,0.0,28.0535
17.8,29.05,6.75,22.3,49.35,0.0,38.2265
18.7,29.4,8.75,20.65,52.3,0.0,43.147
17.9,26.5,10.2,16.3,45.9,0.0,39.578
15.15,23.45,7.05,16.4,44.35,0.0,32.3655
14.4,23.4,4.1,19.3,44.7,0.0,21.916
16.25,24.9,6.5,18.4,39.0,0.0,16.3475
17.6,27.55,7.8,19.75,42.6,0.0,14.8995
18.55,29.45,8.25,21.2,50.2,0.0,17.3315
19.45,29.6,10.35,19.25,49.75,0.0,18.88
18.65,27.75,9.65,18.1,53.3,0.0,18.122
19.55,27.5,11.75,15.75,63.05,0.0,16.9565
21.4,28.85,15.1,13.75,67.55,0.0,13.0245
21.65,29.85,14.85,15.0,63.7,0.0,9.1955
21.15,29.35,13.65,15.7,61.0,1.7,8.0095
18.65,23.0,14.05,8.95,78.65,21.2,7.8425
17.4,18.8,15.9,2.9,96.8,45.5,7.799
17.85,19.85,14.35,5.5,80.25,64.25,4.505
17.0,22.2,9.45,12.75,55.6,76.5,3.9075
17.35,26.75,7.05,19.7,50.1,76.5,2.819
19.25,29.65,8.85,20.8,52.1,76.5,2.035
20.95,31.6,10.35,21.25,56.9,76.5,2.0315
23.1,32.4,13.9,18.5,50.1,76.5,2.613
23.0,30.5,15.6,14.9,49.75,76.5,2.905
20.7,26.65,14.9,11.75,73.5,90.6,2.431
19.3,24.55,14.4,10.15,67.2,123.2,1.7075
20.1,26.8,12.25,14.55,41.05,141.7,1.0125
21.15,29.0,11.85,17.15,36.55,141.7,0.8045
19.55,26.8,12.75,14.05,53.6,141.7,0.6335
18.7,26.3,12.25,14.05,67.45,70.85,0.609
20.05,29.2,12.35,16.85,66.55,0.0,0.519
21.5,30.9,13.3,17.6,65.8,0.0,0.129
22.5,31.6,14.0,17.6,66.7,0.0,0.102
23.5,32.35,15.2,17.15,65.15,0.0,0.103
22.7,30.6,15.8,14.8,70.8,3.85,0.166
19.75,25.8,15.85,9.95,87.65,12.4,0.2405
19.4,25.4,15.9,9.5,87.4,23.6,0.1545
21.05,27.2,16.95,10.25,75.2,30.1,0.029
19.8,24.4,16.15,8.25,74.85,34.1,0.404
18.35,22.85,14.6,8.25,79.1,38.85,0.3635
19.65,26.15,15.2,10.95,75.8,40.35,0.2425
21.1,28.4,15.75,12.65,71.85,41.1,0.286
20.0,25.8,15.8,10.0,78.4,41.95,0.376
19.85,25.3,16.15,9.15,78.95,43.8,0.279
20.95,28.2,15.2,13.0,71.2,44.8,0.216
21.55,28.85,15.4,13.45,70.55,44.8,0.261
21.9,28.0,16.95,11.05,74.2,44.8,0.2465
21.75,28.75,17.05,11.7,80.9,46.5,0.213
22.95,31.05,17.25,13.8,80.85,49.95,0.226
24.25,31.7,18.2,13.5,72.9,51.7,0.329
23.85,30.7,19.35,11.35,70.25,51.7,0.3025
22.55,28.85,18.65,10.2,70.55,52.2,0.205
21.9,28.65,16.95,11.7,73.3,53.2,0.118
22.9,30.3,17.2,13.1,73.9,53.7,0.067
21.15,25.8,17.3,8.5,82.3,74.2,0.0755
21.0,25.45,18.0,7.45,91.8,98.85,0.135
22.7,25.2,20.65,4.55,89.5,120.85,0.072
22.9,26.15,20.25,5.9,87.9,144.95,0.072
16.5,19.3,14.05,5.25,83.35,184.1,0.008
16.45,20.15,12.65,7.5,77.1,189.95,0.008
15.15,22.85,8.3,14.55,63.5,193.7,0.008
13.6,24.1,6.05,18.05,70.75,193.7,0.008
16.0,25.6,9.3,16.3,72.55,193.7,0.068
17.25,25.25,11.7,13.55,69.15,193.7,0.04
15.75,23.1,10.0,13.1,72.05,193.7,0.012
14.65,22.5,8.4,14.1,77.15,193.7,0.139
14.15,21.1,9.35,11.75,79.05,193.7,0.1155
13.05,20.25,9.2,11.05,81.55,193.7,0.176
11.4,19.6,8.45,11.15,89.1,193.7,0.152
11.35,16.25,9.1,7.15,96.85,196.25,0.19
14.4,19.5,10.75,8.75,91.15,202.05,0.2065
15.3,24.1,10.8,13.3,83.05,205.3,0.077
14.0,23.55,8.95,14.6,83.35,205.3,0.748
14.05,23.35,8.4,14.95,84.2,205.3,0.5655
14.75,21.85,10.0,11.85,84.9,205.3,0.5055
15.45,20.4,11.75,8.65,84.45,205.3,0.588
16.45,22.65,11.55,11.1,78.8,205.3,0.9375
15.75,21.3,11.0,10.3,66.2,205.3,0.926
12.9,17.95,8.1,9.85,58.6,205.3,0.525
10.35,18.5,3.55,14.95,68.95,205.3,3.283
10.85,18.9,4.0,14.9,73.5,205.3,2.649
12.2,19.35,5.85,13.5,65.5,205.3,2.1295
11.9,21.0,4.25,16.75,66.8,205.3,2.5515
13.4,23.45,5.6,17.85,68.8,102.65,4.0025
13.55,22.25,7.25,15.0,75.35,0.0,6.032
12.7,21.25,7.25,14.0,80.55,0.0,6.918
13.05,20.85,8.45,12.4,79.1,0.0,11.478
12.5,19.7,8.2,11.5,79.1,0.0,12.7795
11.65,20.6,5.8,14.8,73.75,0.0,13.061
12.1,19.7,5.05,14.65,63.65,0.0,11.913
10.45,18.2,3.75,14.45,61.7,0.0,15.6075
9.0,18.75,1.1,17.65,63.5,0.0,21.0985
9.85,18.1,1.0,17.1,68.3,2.6,22.767
11.5,16.7,4.65,12.05,67.65,8.45,21.247
11.9,17.55,6.2,11.35,64.3,11.7,19.9855
9.25,16.5,2.95,13.55,73.05,11.7,16.4445
7.1,12.5,-0.05,12.55,62.75,11.7,13.8005
5.5,13.25,-2.8,16.05,59.4,11.7,16.63
7.0,17.55,-0.95,18.5,77.05,11.7,22.0305
9.4,18.6,3.6,15.0,90.4,12.5,24.237
10.4,18.6,5.25,13.35,80.35,18.35,24.647
8.35,13.0,4.05,8.95,58.2,28.65,22.8875
5.3,9.2,0.65,8.55,52.3,33.9,19.684
4.5,12.9,-3.0,15.9,53.95,33.9,17.3185
5.9,16.25,-1.55,17.8,62.65,33.9,21.5535
8.4,18.35,1.4,16.95,74.55,33.9,30.839
11.6,20.15,5.0,15.15,77.1,33.9,34.968
11.55,17.55,7.5,10.05,65.8,33.9,36.169
8.7,13.8,5.3,8.5,64.95,33.9,37.5005
7.8,12.2,3.9,8.3,69.7,33.9,35.503
6.05,10.2,2.4,7.8,69.75,33.9,30.0855
5.05,11.3,-0.5,11.8,65.85,33.9,31.9785
4.3,13.25,-3.5,16.75,60.2,33.9,36.3635
4.6,10.35,0.1,10.25,73.2,24.3,36.767
5.4,7.2,3.7,3.5,71.3,25.5,32.974
4.6,7.35,0.45,6.9,58.6,36.3,30.9115
4.55,8.5,-1.3,9.8,61.55,36.3,28.0065
3.8,8.2,-1.9,10.1,56.95,36.3,24.0295
0.2,5.45,-4.9,10.35,43.65,36.3,25.3085
-0.45,6.2,-7.85,14.05,44.1,36.3,34.1585
2.05,9.1,-5.85,14.95,57.65,36.3,38.595
1.55,10.25,-5.1,15.35,67.65,36.3,30.421
1.7,12.25,-5.4,17.65,76.5,36.3,29.4615
5.5,14.85,-1.45,16.3,77.8,36.3,28.979
5.65,11.3,-1.1,12.4,58.15,36.3,28.346
1.3,8.05,-4.95,13.0,52.6,36.3,32.819
2.3,9.65,-4.9,14.55,58.7,36.3,40.3545
4.25,11.2,-3.45,14.65,62.4,36.3,42.307
5.35,12.85,-2.55,15.4,73.9,36.3,40.334
6.95,13.25,-0.15,13.4,83.0,36.3,41.097
6.45,11.75,1.15,10.6,73.5,36.3,39.37
5.25,9.6,1.15,8.45,50.25,36.3,37.719
3.1,8.25,-0.45,8.7,49.95,36.3,42.571
0.75,6.2,-3.05,9.25,63.9,36.3,49.805
-0.15,6.45,-4.15,10.6,72.4,36.3,53.026
1.6,9.0,-4.1,13.1,73.7,36.3,44.762
2.8,9.6,-4.1,13.7,72.5,36.3,45.6345
2.5,13.9,-6.4,20.3,56.3,36.3,39.865
3.05,9.65,-2.05,11.7,63.45,36.9,25.75
3.05,5.65,-0.35,6.0,58.7,38.1,26.996
1.05,6.85,-4.45,11.3,54.3,38.7,39.106
-0.4,6.3,-5.5,11.8,71.55,41.5,42.497
2.5,8.85,-1.95,10.8,81.8,49.35,43.625
1.45,7.1,-1.55,8.65,58.9,54.4,46.4085
-1.0,3.25,-5.35,8.6,42.2,27.2,49.192
1.8,6.8,-4.4,11.2,54.0,0.0,0.09
3.6,8.6,-2.05,10.65,58.85,0.0,23.7255
2.8,8.55,-3.25,11.8,62.55,0.0,47.1155
0.95,9.1,-5.7,14.8,64.9,0.0,46.87
0.5,7.45,-5.0,12.45,76.6,4.45,37.774
4.35,10.95,0.15,10.8,93.2,15.5,33.814
7.2,16.1,3.55,12.55,83.4,39.8,26.1205
4.85,11.3,1.0,10.3,63.2,57.5,20.401
1.95,8.3,-3.3,11.6,63.75,57.5,22.451
1.6,9.05,-4.1,13.15,67.45,57.5,27.1605
2.6,6.8,-0.95,7.75,58.85,57.5,27.834
2.1,4.25,-0.1,4.35,55.85,57.5,32.099
0.95,4.85,-2.35,7.2,58.6,57.5,31.9555
0.0,5.6,-4.05,9.65,59.15,57.5,25.989
-0.5,6.35,-5.3,11.65,58.55,57.5,18.731
0.5,8.35,-4.45,12.8,53.2,57.5,20.7825
1.85,9.25,-3.45,12.7,44.75,57.5,26.8335
2.2,8.5,-4.2,12.7,51.1,57.5,29.398
3.25,7.0,-1.45,8.45,55.0,57.5,24.624
2.35,6.75,-1.95,8.7,47.6,57.5,20.937
1.5,5.3,-2.25,7.55,58.6,59.2,16.7485
4.05,6.85,1.65,5.2,81.9,62.85,23.986
5.95,11.8,0.3,11.5,83.1,66.9,30.66
5.7,11.4,0.4,11.0,76.35,69.0,29.595
5.75,9.05,3.45,5.6,85.45,93.45,35.006
5.8,9.1,2.8,6.3,84.4,105.05,31.1775
4.9,8.5,2.15,6.35,83.6,109.7,21.4435
4.2,8.9,0.2,8.7,74.75,113.2,17.2225
3.9,9.0,-1.6,10.6,70.8,113.2,26.014
3.7,10.6,-2.9,13.5,63.4,0.0,33.121
3.7,10.6,-2.9,13.5,63.4,0.0,34.829
0.6,8.7,-7.0,15.7,56.5,0.0,31.7985
-0.05,5.85,-5.9,11.75,46.5,0.0,29.2735
-1.8,4.0,-7.15,11.15,34.05,0.0,27.573
-1.35,6.5,-8.1,14.6,40.0,0.0,31.4145
1.8,7.45,-2.85,10.3,47.25,0.0,37.7925
2.0,7.15,-2.65,9.8,47.45,0.0,38.123
3.2,9.7,-2.65,12.35,49.6,0.0,35.733
5.25,12.5,-1.9,14.4,56.6,0.0,36.26
6.85,11.8,1.3,10.5,77.8,6.3,35.2195
9.55,13.75,5.45,8.3,83.05,20.4,33.752
9.6,18.3,3.1,15.2,69.1,28.2,40.7805
9.2,18.45,2.1,16.35,67.15,28.2,51.808
6.7,13.95,0.15,13.8,70.5,30.05,55.907
0.85,4.85,-2.75,7.6,66.7,33.8,73.339
-1.3,2.3,-4.1,6.4,53.55,35.7,70.281
1.6,9.05,-3.95,13.0,49.9,35.7,61.904
4.65,13.45,-3.3,16.75,57.85,35.7,51.9095
6.4,14.5,-2.75,17.25,64.25,35.7,52.6025
6.95,12.75,-0.45,13.2,60.4,36.9,59.991
5.9,11.2,1.5,9.7,50.0,39.35,62.011
5.35,14.05,-1.6,15.65,51.85,40.6,72.369
6.45,12.3,0.9,11.4,76.6,44.65,71.3595
8.0,12.0,5.15,6.85,86.85,55.35,63.336
7.15,13.0,3.15,9.85,75.55,62.0,56.5615
4.65,7.7,2.15,5.55,79.25,62.65,58.983
4.9,9.2,2.35,6.85,86.0,63.95,62.4065
6.6,13.35,2.1,11.25,83.3,32.3,63.648
6.9,12.85,1.85,11.0,63.95,0.0,64.79
7.25,12.05,1.45,10.6,57.55,0.0,60.2695
6.85,10.3,1.0,9.3,59.7,0.0,53.3285
5.0,9.4,-0.3,9.7,48.25,0.0,54.209
4.1,12.0,-3.6,15.6,51.25,0.0,60.965
4.0,9.85,-2.3,12.15,73.65,2.15,67.0195
5.8,11.35,1.45,9.9,81.6,7.4,69.619
7.65,15.1,1.45,13.65,80.6,11.85,71.672
7.8,11.85,2.45,9.4,85.2,16.3,66.8525
6.55,10.15,2.6,7.55,63.15,23.3,55.087
5.6,12.95,-1.15,14.1,48.75,27.2,48.5305
7.25,15.75,-1.3,17.05,52.75,27.2,51.83
7.35,13.1,1.0,12.1,40.0,27.2,59.376
6.15,11.2,1.0,10.2,36.0,27.2,64.012
6.3,12.3,-0.65,12.95,43.05,27.2,76.907
8.1,14.95,-2.15,17.1,48.85,27.2,72.2645
10.0,17.8,-0.5,18.3,55.6,27.2,61.1285
9.15,18.1,1.45,16.65,55.7,27.2,56.12
9.2,17.55,3.2,14.35,45.05,27.2,61.2485
11.2,19.85,2.75,17.1,47.25,27.2,66.8635
13.75,22.6,4.7,17.9,56.9,27.2,68.835
13.4,20.8,5.35,15.45,45.2,27.2,82.23
10.7,19.0,1.65,17.35,45.65,27.2,78.2825
10.45,19.2,1.5,17.7,58.55,27.2,69.9255
10.7,16.1,5.05,11.05,72.75,29.9,64.0315
11.65,16.85,7.0,9.85,83.8,33.45,64.503
10.3,16.15,4.9,11.25,69.75,35.15,63.9295
8.65,13.7,1.45,12.25,61.25,36.0,61.4
10.8,17.2,2.75,14.45,62.55,36.0,64.025
11.95,19.9,4.85,15.05,60.55,36.0,60.385
12.2,20.35,4.55,15.8,53.85,18.0,54.8255
11.25,19.05,3.45,15.6,44.9,0.0,54.9595
10.55,19.25,1.5,17.75,43.1,0.0,56.968
10.7,19.45,2.1,17.35,39.95,0.0,59.75
9.65,17.85,0.4,17.45,37.2,0.0,62.577
9.55,18.05,-1.6,19.65,40.4,0.0,68.305
11.75,19.9,1.9,18.0,39.35,0.0,62.8305
12.7,19.15,5.75,13.4,32.6,0.0,51.729
11.05,17.55,3.45,14.1,36.6,0.0,45.6015
9.55,14.5,3.7,10.8,53.25,0.0,46.439
8.45,12.25,5.7,6.55,71.75,1.15,50.486
7.65,11.65,5.05,6.6,81.95,3.0,53.195
8.1,13.5,3.75,9.75,72.1,4.5,45.784
10.95,19.6,1.7,17.9,53.95,5.3,39.9855
12.35,21.75,1.65,20.1,46.95,5.3,30.4335
11.7,20.6,2.25,18.35,54.05,5.3,29.3845
11.05,16.55,5.3,11.25,76.3,19.0,38.305
12.3,16.7,8.55,8.15,76.25,49.35,49.016
12.65,17.0,8.85,8.15,73.6,73.3,53.511
11.65,15.95,8.7,7.25,77.55,93.2,53.986
11.2,16.85,6.8,10.05,53.3,105.8,48.6315
8.7,13.4,4.85,8.55,37.4,105.8,38.8925
7.95,12.9,4.45,8.45,40.6,105.8,34.641
9.55,15.2,4.55,10.65,37.85,105.8,35.7575
11.8,20.0,2.85,17.15,41.65,105.8,37.302
13.25,21.55,3.4,18.15,46.65,105.8,37.863
12.75,19.15,4.85,14.3,42.95,105.8,42.247
12.55,19.9,3.3,16.6,43.9,105.8,40.3645
14.15,22.85,4.0,18.85,46.05,105.8,35.905
15.35,24.9,4.85,20.05,56.65,105.8,33.847
17.25,25.95,7.5,18.45,72.0,52.9,37.063
19.15,26.35,12.3,14.05,78.45,0.0,42.9435
17.9,22.1,14.65,7.45,86.65,9.65,46.127
18.9,23.35,15.35,8.0,84.45,32.75,51.808
19.25,23.95,15.3,8.65,79.3,46.2,42.932
18.4,23.9,13.2,10.7,73.1,46.2,27.8895
18.1,26.1,9.65,16.45,55.85,46.2,22.051
16.1,23.35,6.7,16.65,55.65,46.75,21.796
16.1,20.7,10.25,10.45,77.1,56.3,21.867
17.2,20.75,14.45,6.3,81.15,76.5,22.521
18.65,24.8,12.25,12.55,61.4,87.7,23.667
19.05,26.05,11.85,14.2,50.2,87.7,20.7055
17.3,24.75,10.85,13.9,48.55,87.7,16.9865
16.7,25.05,8.6,16.45,51.25,87.7,14.535
16.35,22.4,11.2,11.2,69.55,94.25,12.5265
17.35,22.2,14.15,8.05,85.3,108.5,12.136
19.7,25.6,15.35,10.25,83.65,116.2,12.06
18.75,22.75,15.35,7.4,85.2,118.1,12.17
16.1,18.95,12.9,6.05,77.3,122.6,10.2975
15.75,20.55,11.75,8.8,66.4,125.2,7.6605
16.6,22.8,12.45,10.35,70.8,125.2,5.6975
16.9,22.6,12.35,10.25,72.8,125.2,4.6605
17.7,23.9,11.2,12.7,70.4,125.2,5.698
18.3,25.75,11.85,13.9,75.75,125.2,6.574
18.4,25.55,12.6,12.95,76.95,125.2,5.664
18.7,25.4,13.2,12.2,72.45,125.2,4.6285
19.95,26.6,14.85,11.75,62.15,125.2,3.1455
20.25,27.6,13.25,14.35,56.6,125.2,2.804
19.9,28.35,11.35,17.0,61.95,125.2,3.1115
20.1,26.9,13.2,13.7,62.3,125.2,3.322
20.05,25.8,14.6,11.2,63.05,125.2,3.331
21.0,26.9,15.1,11.8,61.3,62.6,1.115
21.15,28.35,13.9,14.45,55.4,0.0,1.115
20.55,28.7,13.35,15.35,63.75,0.0,1.04
22.75,30.15,15.6,14.55,73.15,0.0,0.69
24.9,31.75,17.6,14.15,70.8,0.0,0.5835
23.95,30.4,19.45,10.95,74.8,2.6,0.6495
23.0,29.8,19.8,10.0,76.75,7.85,0.472
23.7,31.2,18.1,13.1,69.65,10.5,0.253
24.65,32.4,16.95,15.45,65.1,10.5,0.221
25.25,32.9,17.95,14.95,67.75,11.65,0.2155
23.35,27.9,19.75,8.15,83.1,15.85,0.2365
23.1,26.3,20.95,5.35,90.9,21.65,0.2225
24.0,28.85,20.8,8.05,88.6,39.45,0.2705
23.7,28.1,21.45,6.65,87.9,61.1,0.327
24.45,29.55,20.7,8.85,71.25,75.55,0.18
24.25,31.05,17.5,13.55,57.7,83.4,0.2565
22.8,29.3,16.45,12.85,66.05,83.9,0.254
19.7,23.3,16.5,6.8,84.8,93.95,0.1385
19.85,24.35,16.65,7.7,86.5,104.2,0.102
22.45,28.85,18.2,10.65,77.55,105.5,0.113
23.2,29.25,19.05,10.2,77.0,106.1,0.113
23.7,30.6,18.3,12.3,75.7,106.1,0.081
24.0,30.85,17.85,13.0,72.25,106.1,0.044
22.85,26.65,19.25,7.4,77.65,109.0,0.0465
22.15,24.15,20.6,3.55,88.85,115.8,0.046
23.4,27.3,19.95,7.35,81.25,119.7,0.0275
23.85,29.8,19.05,10.75,74.7,119.7,0.087
24.65,31.4,18.95,12.45,74.7,119.7,0.125
25.7,32.4,19.1,13.3,70.7,119.7,0.025
22.5,26.0,19.9,6.1,76.8,120.5,0.025
22.35,26.5,18.85,7.65,73.5,61.35,0.006
21.8,26.6,16.8,9.8,74.95,1.4,0.006
15.7,21.0,7.4,13.6,47.7,2.2,0.047
13.85,21.1,6.55,14.55,58.55,2.2,0.047
12.55,21.4,6.45,14.95,63.5,2.2,0.061
11.65,18.55,6.05,12.5,67.6,2.2,0.061
11.1,18.25,5.1,13.15,78.15,2.2,0.176
11.85,21.45,5.45,16.0,76.6,2.2,0.176
11.4,21.4,4.7,16.7,74.7,2.2,0.008
11.15,21.8,3.95,17.85,74.5,2.2,0.143
11.1,19.15,5.3,13.85,82.0,6.55,0.15
12.65,17.6,8.65,8.95,82.25,18.25,0.135
12.85,17.85,9.45,8.4,61.8,25.6,0.18
11.3,16.25,7.1,9.15,47.45,25.6,0.3415
12.7,18.8,7.6,11.2,49.85,25.6,0.571
12.85,21.35,6.65,14.7,63.5,25.6,0.156
11.3,21.3,4.05,17.25,76.2,25.6,0.6425
12.6,21.8,6.55,15.25,73.2,25.6,0.632
12.3,21.25,5.75,15.5,63.3,25.6,0.4735
9.85,19.4,1.95,17.45,65.5,25.6,0.8365
8.95,18.25,1.9,16.35,75.6,25.6,1.458
9.05,14.75,4.2,10.55,86.8,14.1,2.055
10.6,14.85,5.1,9.75,84.95,4.1,1.361
9.05,14.5,2.85,11.65,67.3,5.6,2.1845
6.65,12.55,1.35,11.2,52.5,5.6,1.8765
6.8,15.2,-1.0,16.2,54.0,5.6,1.36
8.0,14.3,1.95,12.35,67.35,5.6,1.923
11.6,17.3,6.7,10.6,68.85,5.6,3.3275
12.9,20.0,6.6,13.4,53.65,5.6,4.784
9.85,15.35,4.6,10.75,42.2,5.6,3.725
8.05,14.2,2.5,11.7,47.1,5.6,4.2175
8.0,15.95,0.45,15.5,57.2,5.6,4.229
7.85,17.75,-1.65,19.4,65.65,5.6,3.627
9.15,19.75,-0.35,20.1,68.65,5.6,5.0445
9.5,19.55,1.15,18.4,74.25,5.6,21.823
8.85,18.85,1.9,16.95,81.45,5.6,37.063
9.65,20.05,2.6,17.45,76.75,5.6,42.96
11.85,20.15,5.75,14.4,74.8,5.6,26.6715
14.75,20.2,10.15,10.05,84.65,6.15,10.017
17.4,22.15,11.9,10.25,86.05,15.9,9.8145
13.9,17.85,8.35,9.5,73.4,37.75,14.058
8.55,13.25,2.7,10.55,71.9,50.4,22.169
8.2,13.2,3.15,10.05,78.5,50.4,26.2
6.95,11.25,3.15,8.1,67.55,50.4,28.703
5.8,11.75,1.0,10.75,57.65,50.4,26.578
6.45,13.45,-0.25,13.7,60.3,50.4,21.5455
6.45,13.75,-0.1,13.85,63.75,50.4,17.907
6.25,12.6,2.2,10.4,63.25,50.4,20.553
5.2,9.3,2.45,6.85,53.25,50.4,26.4065
4.1,7.75,1.5,6.25,50.1,50.4,28.883
4.2,8.55,1.1,7.45,53.0,50.4,30.654
3.2,9.75,-1.8,11.55,53.95,25.2,28.8555
2.35,10.9,-4.4,15.3,53.5,0.0,25.0965
3.3,9.8,-2.9,12.7,50.25,0.0,22.774
3.4,8.3,-2.3,10.6,47.4,0.0,28.0995
3.1,8.85,-3.0,11.85,51.65,0.0,35.5165
3.5,10.35,-2.9,13.25,62.0,0.0,37.246
3.55,10.8,-2.8,13.6,67.0,0.0,43.702
3.4,8.7,-3.0,11.7,62.35,0.0,42.419
1.8,8.75,-4.95,13.7,58.05,0.0,33.971
2.9,11.45,-2.85,14.3,59.05,0.0,27.1205
5.8,12.55,-0.35,12.9,65.25,0.0,31.097
6.15,11.0,-1.8,12.8,58.3,0.0,36.519
4.1,10.95,-3.1,14.05,53.15,0.0,38.279
-0.55,5.8,-4.95,10.75,49.95,0.0,41.48
-3.75,-1.0,-6.45,5.45,40.85,0.0,40.7335
-4.15,-1.0,-6.5,5.5,46.9,0.0,36.1285
-2.85,1.5,-5.45,6.95,50.1,0.0,29.626
-1.0,5.3,-5.35,10.65,54.2,0.0,31.252
-0.7,4.95,-4.95,9.9,45.55,0.0,36.1465
-0.35,4.6,-3.85,8.45,40.0,0.0,36.771
0.75,6.35,-3.85,10.2,51.1,0.0,37.867
2.2,6.9,-3.6,10.5,59.1,0.0,35.159
2.1,7.8,-4.05,11.85,69.35,0.0,31.323
3.0,9.45,-3.65,13.1,65.05,0.0,33.198
3.55,7.85,-2.95,10.8,53.85,0.0,36.434
1.25,7.5,-5.0,12.5,61.0,0.0,34.4325
1.55,8.2,-3.65,11.85,76.25,1.55,32.198
3.6,9.5,-0.1,9.6,87.15,4.85,48.919
4.0,12.8,-0.55,13.35,87.95,7.2,45.0355
-1.05,6.2,-5.1,11.3,69.45,8.5,42.781
-4.9,0.25,-8.2,8.45,54.0,9.2,50.6385
-3.0,2.75,-7.6,10.35,56.6,4.6,30.363
-1.05,3.35,-4.95,8.3,56.7,0.0,2.074
-0.65,3.3,-3.4,6.7,46.4,0.0,0.289
-0.45,5.75,-5.05,10.8,47.15,0.0,102.279
-0.2,5.65,-5.75,11.4,55.8,0.0,83.183
-2.6,2.6,-7.55,10.15,53.45,0.0,55.856
-6.55,-0.4,-11.4,11.0,49.65,0.0,43.734
-9.15,-3.6,-13.65,10.05,47.7,0.0,43.8225
-9.1,-3.15,-14.45,11.3,49.85,0.0,48.689
-7.05,-1.2,-12.45,11.25,57.15,0.0,49.576
-5.55,-1.0,-9.7,8.7,68.1,0.0,45.144
-4.2,1.5,-9.15,10.65,70.1,0.0,42.5715
-0.7,7.95,-7.05,15.0,63.95,0.0,37.4155
3.65,12.0,-3.6,15.6,60.55,0.0,33.7005
5.45,14.4,-3.5,17.9,62.4,0.0,35.601
3.5,11.35,-4.25,15.6,57.1,0.0,44.9915
-0.9,3.6,-4.8,8.4,45.3,0.0,51.35
-2.85,2.3,-5.5,7.8,54.1,0.95,56.767
-2.75,4.35,-7.45,11.8,58.15,2.9,52.5985
-2.75,7.25,-9.8,17.05,59.35,3.9,45.1605
-0.15,10.2,-7.7,17.9,74.0,3.9,39.4915
4.35,10.85,-0.95,11.8,87.5,4.5,41.776
7.0,10.05,4.95,5.1,95.0,5.8,48.674
7.0,10.35,4.05,6.3,85.0,7.25,50.888
6.65,12.2,0.15,12.05,75.75,8.0,44.062
5.65,10.5,0.2,10.3,81.6,12.4,41.869
5.05,9.35,1.4,7.95,64.55,22.25,37.912
2.7,9.8,-2.35,12.15,54.05,27.7,35.397
-2.4,3.8,-6.4,10.2,54.2,27.7,40.2915
-2.35,3.8,-7.75,11.55,50.65,27.7,46.054
1.35,10.3,-7.25,17.55,65.95,28.4,46.171
5.1,11.6,-1.2,12.8,75.2,21.0,47.524
3.55,8.45,0.25,8.2,56.8,19.95,43.7945
-0.45,5.75,-4.2,9.95,35.85,27.0,37.906
0.65,6.35,-4.4,10.75,39.75,27.55,33.108
0.9,7.6,-5.35,12.95,48.8,28.65,36.189
1.4,10.05,-6.3,16.35,63.25,29.2,46.375
5.15,13.3,-2.25,15.55,65.8,29.2,50.841
4.3,9.65,-0.9,10.55,44.75,29.2,48.143
1.2,6.55,-3.1,9.65,32.1,29.2,50.0115
1.75,10.4,-4.8,15.2,43.7,29.2,59.1775
3.2,12.05,-4.65,16.7,59.05,29.2,69.393
5.55,14.45,-2.35,16.8,61.2,29.2,72.311
6.85,12.25,0.3,11.95,68.1,31.4,102.213
2.55,7.85,-3.45,11.3,58.85,32.2,89.016
-2.75,1.8,-5.8,7.6,49.05,32.2,65.462
-4.9,-2.0,-7.0,5.0,48.9,32.2,54.7285
-0.5,5.4,-5.4,10.8,48.25,32.2,60.6435
5.4,15.35,-3.0,18.35,53.6,32.2,67.836
10.35,21.65,-0.75,22.4,57.4,32.2,68.737
12.2,22.7,1.25,21.45,53.85,32.2,73.624
8.65,16.8,0.1,16.7,42.2,32.2,73.456
5.15,12.1,-1.8,13.9,34.1,32.2,72.7945
3.7,8.55,-1.8,10.35,56.35,34.4,70.837
5.0,8.9,1.05,7.85,75.15,40.0,69.714
6.45,11.7,2.35,9.35,67.25,43.4,67.5985
6.55,11.55,1.15,10.4,72.05,44.05,65.142
8.75,13.95,4.0,9.95,90.1,34.0,65.41
8.4,12.55,2.95,9.6,81.65,43.25,61.2165
4.65,9.5,-2.55,12.05,68.05,63.2,51.2845
4.25,9.85,-1.5,11.35,78.6,66.15,45.669
7.5,14.75,2.7,12.05,83.75,73.1,51.548
8.1,16.4,3.3,13.1,77.15,77.1,62.507
6.3,12.05,2.7,9.35,72.75,77.1,67.71
7.3,13.05,2.1,10.95,70.65,77.1,71.049
9.2,15.9,2.85,13.05,65.0,77.1,67.8315
9.75,16.85,3.05,13.8,56.15,77.1,61.3165
9.4,17.05,1.2,15.85,58.75,77.1,60.623
8.55,14.1,3.35,10.75,78.5,85.4,67.117
8.1,14.05,3.9,10.15,84.55,105.25,70.9985
8.35,16.25,2.05,14.2,74.4,116.8,70.99
9.2,16.4,1.5,14.9,73.65,116.8,71.32
11.9,18.6,3.5,15.1,65.9,117.45,67.2695
12.3,19.55,3.5,16.05,56.2,118.75,59.158
10.7,19.1,1.55,17.55,61.2,119.4,59.6845
11.45,18.55,4.7,13.85,63.55,119.4,67.477
10.85,14.9,7.1,7.8,73.4,121.75,72.421
8.55,11.4,5.35,6.05,71.3,126.9,74.16
7.1,11.2,3.1,8.1,48.55,129.7,73.181
8.4,14.55,2.05,12.5,40.7,129.7,67.8705
9.3,17.25,1.35,15.9,50.4,129.7,57.1075
10.1,19.8,1.3,18.5,57.55,129.7,51.9435
12.45,22.8,2.35,20.45,51.85,129.7,56.591
12.45,18.9,4.5,14.4,66.55,140.8,63.1265
12.45,15.75,7.05,8.7,81.3,152.8,65.303
13.5,17.55,8.2,9.35,61.1,154.5,78.618
13.95,20.65,8.05,12.6,38.95,155.3,75.9235
13.25,22.8,4.95,17.85,43.8,155.3,68.521
12.7,21.45,3.5,17.95,54.75,77.65,63.1145
14.6,21.35,7.85,13.5,56.15,0.0,47.076
15.9,19.9,12.6,7.3,70.75,5.8,48.1055
13.55,16.15,11.05,5.1,90.15,13.4,64.475
10.85,16.05,5.9,10.15,80.6,17.7,69.856
11.15,18.9,2.85,16.05,58.7,20.2,62.7735
13.5,22.05,4.25,17.8,46.65,20.2,50.6685
14.35,22.1,6.95,15.15,41.95,20.2,47.329
12.1,20.05,4.65,15.4,50.65,20.2,53.1215
10.6,19.0,2.8,16.2,58.9,20.2,57.7555
11.65,19.95,3.05,16.9,55.95,20.2,58.28
12.0,18.15,6.2,11.95,65.3,28.1,57.377
12.2,16.15,7.2,8.95,71.95,50.05,53.69
11.2,16.75,4.25,12.5,55.45,64.1,44.413
9.85,17.0,2.3,14.7,45.2,64.1,38.059
10.6,19.2,1.6,17.6,56.05,64.1,38.909
11.35,18.95,4.95,14.0,61.0,64.1,42.5445
11.3,17.1,7.45,9.65,50.85,64.1,44.566
13.05,19.65,7.45,12.2,36.8,64.1,48.51
16.05,24.3,7.1,17.2,31.0,64.1,45.4765
17.3,26.65,7.25,19.4,40.6,64.1,39.766
18.1,26.15,10.25,15.9,45.95,64.1,36.5215
17.85,24.05,12.55,11.5,45.95,64.1,40.9755
16.75,23.55,10.3,13.25,51.1,64.1,46.7935
16.3,23.8,8.55,15.25,58.85,64.1,47.59
15.0,21.85,7.8,14.05,56.35,64.1,42.187
13.3,19.5,6.6,12.9,58.9,64.1,40.096
14.75,21.4,8.25,13.15,61.2,64.1,34.4925
16.5,23.7,10.4,13.3,51.0,64.1,25.9975
16.05,21.65,11.25,10.4,45.1,64.1,23.9275
13.0,16.5,9.9,6.6,57.5,34.55,27.4245
11.3,15.7,7.8,7.9,64.5,7.65,28.009
12.9,20.8,5.75,15.05,62.55,10.3,26.888
13.95,21.05,6.9,14.15,78.65,18.05,26.76
15.65,20.5,9.3,11.2,67.1,39.6,24.3075
15.15,22.1,6.2,15.9,50.4,53.4,19.02
14.15,23.35,5.75,17.6,59.2,53.4,20.107
15.05,24.9,5.9,19.0,58.65,53.4,26.9355
16.25,25.0,6.05,18.95,49.75,53.4,29.714
15.45,21.5,9.5,12.0,55.75,53.4,28.319
14.3,18.85,10.75,8.1,71.95,53.4,26.458
16.0,22.7,10.4,12.3,73.6,57.4,21.3395
18.7,28.05,10.45,17.6,69.65,61.4,17.3465
20.95,29.5,12.85,16.65,70.4,61.4,18.142
20.7,25.55,16.1,9.45,80.85,65.1,23.029
20.35,22.35,18.55,3.8,93.1,83.85,26.385
20.0,22.7,17.25,5.45,93.25,101.0,17.125
18.3,23.3,14.55,8.75,87.7,105.35,13.657
19.05,26.5,13.8,12.7,76.05,107.6,9.214
18.1,23.4,13.9,9.5,81.55,116.35,6.132
16.1,18.95,14.4,4.55,83.6,136.3,5.26
18.35,23.9,13.15,10.75,68.25,147.5,6.5035
20.4,28.4,11.85,16.55,68.3,147.5,6.512
20.75,27.85,14.2,13.65,69.9,148.05,4.412
18.65,24.8,13.55,11.25,62.95,149.15,4.746
16.35,24.15,10.25,13.9,59.4,149.7,3.0
16.5,24.15,11.0,13.15,66.5,149.7,1.176
16.75,24.65,10.05,14.6,71.65,156.1,1.6865
18.3,25.95,11.3,14.65,63.2,169.05,1.584
19.45,26.3,12.6,13.7,61.25,175.6,1.227
19.75,27.7,12.5,15.2,68.8,178.15,0.822
20.7,28.5,13.5,15.0,67.2,92.95,0.792
21.05,28.0,14.15,13.85,66.85,5.2,0.3965
19.5,23.4,15.35,8.05,82.2,9.35,0.0315
19.35,22.8,15.75,7.05,76.45,14.2,0.04
20.45,27.65,13.4,14.25,64.2,15.6,0.103
20.9,28.65,13.7,14.95,74.45,16.3,0.158
22.05,29.05,16.5,12.55,77.3,16.3,0.151
23.3,30.4,16.8,13.6,72.55,16.3,0.145
24.3,30.95,17.65,13.3,67.15,16.3,0.141
23.25,28.75,17.15,11.6,68.05,16.3,0.1415
22.0,26.0,17.7,8.3,79.45,21.65,0.1605
22.8,26.8,19.25,7.55,85.75,32.8,0.11
24.4,29.85,20.2,9.65,80.9,38.6,0.039
24.2,29.5,21.15,8.35,80.15,38.6,0.413
21.8,24.65,19.9,4.75,85.9,42.35,0.2625
20.15,22.6,18.0,4.6,88.3,47.05,0.067
20.55,24.55,18.15,6.4,84.0,49.0,0.0855
21.3,25.7,18.6,7.1,84.05,52.0,0.1265
22.5,28.25,17.45,10.8,78.2,56.05,0.09
23.3,30.7,16.3,14.4,70.35,58.1,0.076
23.25,30.75,16.2,14.55,67.2,58.1,0.065
22.1,28.8,16.1,12.7,73.4,67.5,0.062
20.65,25.6,17.0,8.6,85.95,80.55,0.054
21.1,25.8,18.05,7.75,84.6,88.25,0.0455
22.2,28.0,17.85,10.15,78.9,92.3,0.037
22.25,27.7,18.4,9.3,78.6,93.6,0.023
22.5,28.1,18.2,9.9,78.15,96.25,0.014
23.55,29.45,18.8,10.65,76.45,97.6,0.021
23.5,29.3,19.65,9.65,80.45,97.6,0.021
27.5,32.45,23.4,9.05,82.45,189.5,0.005
27.4,32.85,23.6,9.25,83.35,189.5,0.005
19.65,26.5,14.15,12.35,76.75,117.8,0.09
19.15,25.8,14.05,11.75,84.1,117.8,0.0785
19.7,25.25,16.3,8.95,84.55,117.8,0.067
20.0,25.7,16.95,8.75,81.3,117.8,0.114
20.5,25.35,17.35,8.0,81.65,117.8,0.1175
21.2,25.0,19.0,6.0,89.3,134.6,0.1305
21.75,26.75,18.45,8.3,89.95,156.9,0.1355
21.25,28.3,16.1,12.2,84.4,86.8,0.1395
20.6,28.75,15.2,13.55,82.25,11.2,0.1735
20.55,28.25,14.7,13.55,80.5,11.2,0.199
21.2,28.8,14.7,14.1,80.15,11.2,0.224
21.85,29.75,15.7,14.05,80.45,11.2,0.249
21.1,28.9,15.95,12.95,82.8,11.2,0.2695
21.1,27.4,16.3,11.1,82.9,11.2,0.2465
21.4,26.35,17.15,9.2,84.15,11.2,0.2245
21.95,26.9,18.0,8.9,83.9,11.2,0.2965
22.35,28.5,17.6,10.9,84.65,12.15,0.372
20.05,25.65,16.25,9.4,91.0,17.9,0.462
16.75,19.1,15.2,3.9,96.4,28.95,0.4725
16.45,18.65,14.6,4.05,93.9,44.2,0.3105
18.6,24.0,14.85,9.15,85.15,53.2,0.237
18.55,25.1,13.4,11.7,82.5,54.35,0.2755
15.8,20.3,9.9,10.4,75.4,56.9,0.689
10.95,16.2,4.95,11.25,56.1,59.9,1.163
8.75,16.55,1.45,15.1,57.55,61.5,0.747
10.35,18.3,3.25,15.05,69.8,61.5,1.342
10.9,18.7,5.5,13.2,69.9,61.5,1.1075
8.8,17.8,2.9,14.9,81.5,61.5,0.771
9.15,17.4,3.15,14.25,74.15,61.5,1.0625
9.25,18.15,2.5,15.65,71.5,61.5,1.8175
9.3,19.3,2.15,17.15,78.55,61.5,2.774
10.0,19.85,3.2,16.65,79.55,61.5,1.862
10.0,20.6,3.1,17.5,77.4,61.5,2.834
10.95,20.95,4.3,16.65,74.65,61.5,3.4505
11.55,20.9,4.5,16.4,71.15,61.5,3.7705
10.55,19.8,3.6,16.2,73.7,61.5,5.0785
10.15,17.85,4.7,13.15,81.5,61.5,7.012
10.7,19.25,5.0,14.25,83.05,61.5,8.313
12.25,21.15,6.0,15.15,76.1,30.75,10.608
12.0,19.55,6.0,13.55,71.6,0.0,10.377
10.0,18.65,3.3,15.35,73.8,0.0,9.293
9.55,19.9,2.3,17.6,75.35,0.0,8.7765
9.7,19.9,2.9,17.0,76.5,0.0,11.3565
9.7,19.5,2.75,16.75,78.7,0.0,15.6165
10.7,20.1,3.4,16.7,79.1,0.0,17.633
11.1,17.6,5.9,11.7,77.2,12.25,19.718
9.4,13.25,6.4,6.85,69.9,38.05,19.804
7.65,11.05,5.1,5.95,69.05,51.6,17.7395
7.85,11.25,5.55,5.7,69.35,51.6,13.895
7.4,10.65,4.2,6.45,65.1,51.6,14.035
7.35,12.1,1.65,10.45,70.9,51.6,16.722
8.15,15.8,1.0,14.8,78.75,51.6,17.575
8.05,17.35,1.2,16.15,79.75,51.6,19.356
8.0,17.95,1.5,16.45,75.2,51.6,18.5575
8.5,17.15,1.3,15.85,69.2,51.6,18.2635
8.75,16.95,1.0,15.95,70.8,51.6,19.222
8.85,18.3,1.0,17.3,77.95,51.6,23.5875
8.75,18.75,1.45,17.3,82.3,51.6,31.2965
8.4,16.75,2.55,14.2,84.75,51.6,35.094
7.85,13.85,3.1,10.75,74.4,51.6,37.806
5.55,9.85,2.6,7.25,62.1,51.6,36.6305
5.4,9.2,2.55,6.65,62.95,51.6,35.3315
7.35,13.3,1.95,11.35,64.45,51.6,33.1215
7.3,13.9,1.3,12.6,56.3,51.6,34.486
6.25,12.95,0.1,12.85,52.55,51.6,40.4595
4.45,13.5,-3.0,16.5,62.2,51.6,42.982
4.0,14.5,-3.95,18.45,68.5,51.6,40.778
4.8,13.05,-1.15,14.2,75.9,61.25,40.0475
3.65,7.7,1.0,6.7,67.8,46.55,68.5765
3.4,5.85,1.0,4.85,54.6,22.2,95.541
4.35,8.3,1.0,7.3,60.55,22.2,101.0275
4.55,8.9,1.0,7.9,62.0,22.2,109.879
3.45,9.85,-1.6,11.45,68.7,22.2,110.949
3.1,11.85,-3.5,15.35,81.0,22.2,109.745
5.4,13.65,-0.9,14.55,79.15,22.2,111.3885
5.9,14.25,-0.75,15.0,75.5,22.2,104.657
4.25,11.8,-2.8,14.6,80.3,22.2,97.7305
5.15,12.3,-1.05,13.35,83.35,22.2,71.3885
7.15,14.75,1.0,13.75,80.15,22.2,47.4715
7.4,12.8,1.0,11.8,66.5,22.2,51.345
3.75,8.5,-1.5,10.0,47.2,22.2,47.483
0.45,7.3,-5.55,12.85,52.15,22.2,46.589
2.4,11.3,-5.25,16.55,70.1,22.2,41.2105
4.95,12.65,-1.2,13.85,79.0,23.05,34.828
3.4,9.8,-2.4,12.2,65.95,24.75,38.039
-1.2,5.55,-6.8,12.35,46.15,25.6,41.4045
-1.0,3.9,-5.55,9.45,52.0,25.6,39.661
2.2,8.55,-3.65,12.2,64.2,25.6,37.494
4.15,13.3,-3.2,16.5,68.25,25.6,34.686
4.75,14.55,-2.95,17.5,64.4,25.6,21.8425
2.9,13.3,-4.6,17.9,59.85,25.6,21.2995
1.8,11.1,-5.2,16.3,63.7,25.6,36.229
-1.35,4.5,-6.45,10.95,53.95,25.6,39.055
-5.65,-1.65,-9.45,7.8,39.65,25.6,36.444
-4.25,0.5,-9.25,9.75,45.0,25.6,29.92
1.2,5.2,-3.4,8.6,53.1,25.6,30.635
3.5,8.15,-1.2,9.35,59.2,25.6,30.206
2.25,6.65,-2.35,9.0,57.0,25.6,31.239
-0.25,2.9,-2.7,5.6,44.9,25.6,38.9085
