일자,"2013년
27.4 ℃
84.3 톤
PCC 0.572
온도 (℃)","2014년
27.2 ℃
104.3 톤
PCC 0.543
온도 (℃)","2015년
27.5 ℃
162.0 톤
PCC 0.589
온도 (℃)","2016년
26.5 ℃
263.2 톤
PCC 0.667
온도 (℃)","2017년
26.7 ℃
129.9 톤
PCC 0.621
온도 (℃)","2018년
25.7 ℃
121.3 톤
PCC 0.664
온도 (℃)","2019년
26.4 ℃
150.0 톤
PCC 0.615
온도 (℃)","2020년
26.4 ℃
136.5 톤
PCC 0.582
온도 (℃)","2021년
26.6 ℃
205.9 톤
PCC 0.479
온도 (℃)","2022년
25.8 ℃
219.7 톤
PCC 0.373
온도 (℃)","2013년
27.4 ℃
84.3 톤
PCC 0.572
거래물량 (톤)","2014년
27.2 ℃
104.3 톤
PCC 0.543
거래물량 (톤)","2015년
27.5 ℃
162.0 톤
PCC 0.589
거래물량 (톤)","2016년
26.5 ℃
263.2 톤
PCC 0.667
거래물량 (톤)","2017년
26.7 ℃
129.9 톤
PCC 0.621
거래물량 (톤)","2018년
25.7 ℃
121.3 톤
PCC 0.664
거래물량 (톤)","2019년
26.4 ℃
150.0 톤
PCC 0.615
거래물량 (톤)","2020년
26.4 ℃
136.5 톤
PCC 0.582
거래물량 (톤)","2021년
26.6 ℃
205.9 톤
PCC 0.479
거래물량 (톤)","2022년
25.8 ℃
219.7 톤
PCC 0.373
거래물량 (톤)"
20220101,-2.2,6.62,3.67,7.35,7.37,5.13,5.03,7.5,5.83,8.02,,0.91852,0.81923,1.69265,2.79236,1.7260799999999998,0.88642,2.48812,3.91885,5.21335
20220102,-1.45,6.6,3.67,7.41,7.38,5.04,4.71,7.45,5.45,7.95,,0.93245,0.8239500000000001,1.72595,2.8337600000000003,1.71017,0.88642,2.30208,3.95936,5.20068
20220103,-3.03,6.59,3.68,7.62,7.37,4.75,4.45,7.44,5.18,7.78,2.43,0.93376,0.7942899999999999,1.72595,2.8337600000000003,1.68032,0.91374,2.23292,3.79842,5.18684
20220104,-2.8,6.45,3.96,7.71,7.42,4.63,4.09,7.36,5.11,7.75,1.275,0.88424,0.825,1.70959,2.7185900000000003,1.637,0.9158200000000001,2.20608,3.7843299999999997,5.252800000000001
20220105,-2.14,6.28,4.25,7.55,7.1,4.76,4.11,7.49,4.9,7.51,1.39,0.88424,0.88524,1.74618,2.70281,1.62048,0.8990900000000001,2.25332,3.84158,5.17785
20220106,-1.33,6.2,4.38,7.44,7.12,4.75,4.15,7.42,4.55,7.31,1.39,0.88638,1.01357,1.74287,2.56448,1.41,0.868,2.18692,3.74104,5.31235
20220107,-0.81,6.13,4.29,7.25,7.29,4.57,4.22,7.39,4.08,7.1,1.54875,0.85524,1.01357,1.6372200000000001,2.37257,1.4321700000000002,0.8979,2.3258,3.5948,5.232270000000001
20220108,-0.4,5.94,4.27,6.98,7.39,4.63,4.38,7.55,3.62,6.91,1.54875,0.8545499999999999,1.0341900000000002,1.63552,2.4309000000000003,1.3031199999999998,0.7542000000000001,2.30604,3.4769200000000002,5.33692
20220109,-0.52,5.66,4.23,6.86,7.34,4.53,4.48,7.4,3.14,6.83,2.271,0.88571,1.1099,1.6194300000000001,1.9636,1.2800799999999999,0.7542000000000001,2.35146,3.49524,5.261520000000001
20220110,-0.65,5.55,4.25,6.86,7.26,4.16,4.43,7.31,2.73,6.77,2.635,0.88571,1.12738,1.66941,2.02747,1.2800799999999999,0.7323,2.41123,3.54717,5.23032
20220111,-0.39,5.51,4.3,6.67,7.14,3.99,4.69,7,2.3,6.45,2.92571,0.83905,1.17125,1.52759,2.02747,1.21275,0.72284,2.61496,3.56138,5.51184
20220112,0.39,5.47,4.35,6.45,7.1,3.92,4.85,6.99,2.14,6.13,2.61938,0.83905,1.30965,1.55009,1.90389,1.21733,0.71547,2.67164,3.57108,5.553229999999999
20220113,0.56,5.41,4.57,6.1,6.9,4.09,4.91,6.85,2.36,5.98,2.61938,0.82048,1.30965,1.50009,1.84389,1.17496,0.72256,2.62788,3.46312,5.65654
20220114,0.88,5.35,4.61,5.98,6.63,4.22,4.99,6.72,2.8,5.75,2.72,0.82048,1.3111,1.36357,1.84389,1.14145,0.7404700000000001,2.70412,3.53436,5.66392
20220115,1.07,5.36,4.78,5.83,6.49,4.46,5.09,6.47,3.35,5.48,2.4515,0.82605,1.27524,1.6781300000000001,1.75583,1.0818599999999998,0.7167100000000001,2.72996,3.45,5.837149999999999
20220116,1.21,5.47,4.91,5.86,6.54,4.7,4.94,6.26,3.58,5.28,2.4383600000000003,0.87627,1.36476,1.60941,1.67594,1.0753199999999998,0.7167100000000001,2.79554,3.55896,5.78424
20220117,1.12,5.47,5.14,5.92,6.32,4.97,4.85,6.11,3.49,5.14,2.2685,0.8901399999999999,1.3175,1.60941,1.59517,1.0753199999999998,0.67871,2.86777,3.54442,5.805359999999999
20220118,1.22,5.31,5.33,5.8,6.21,5,4.81,6.1,3.43,5.1,2.34377,0.899,1.3175,1.5738599999999998,1.527,1.03671,0.66518,3.05535,3.4376700000000002,6.27208
20220119,1.51,5.4,5.53,5.38,6.22,5.01,4.65,6.14,3.53,5.12,2.39993,0.87419,1.30395,2.01023,1.32126,0.9924299999999999,0.6709400000000001,3.101,3.3900799999999998,6.19546
20220120,1.75,5.5,5.57,5.22,5.85,5.07,4.51,6.22,3.64,4.85,2.39993,0.90967,1.25577,1.9541300000000001,1.38232,0.97965,0.59338,3.3208800000000003,3.3152399999999997,6.67738
20220121,1.77,5.33,5.63,4.84,5.77,5.15,4.4,6.28,3.75,4.55,2.70507,0.9222899999999999,1.25577,2.01795,1.4157,1.00047,0.56338,3.4891199999999998,3.4332399999999996,6.70746
20220122,1.77,5.23,5.66,4.7,5.29,5.15,4.28,6.14,3.81,4.45,2.64231,0.944,1.24786,2.03768,1.33879,0.8616699999999999,0.49638,3.56727,3.3207600000000004,7.38562
20220123,1.77,5.32,5.66,4.33,5.08,4.85,4.28,6.07,3.82,4.52,2.6598200000000003,0.84409,1.2735,1.9886400000000002,1.25963,0.8658899999999999,0.49638,3.59512,3.3836,7.257560000000001
20220124,2,5.49,5.69,3.74,5.02,4.43,4.41,6.22,3.88,4.42,2.68344,0.8665900000000001,1.31079,2.026,1.331,0.8658899999999999,0.52775,3.62336,3.27412,7.351
20220125,1.88,5.61,5.72,3.55,4.86,4.17,4.41,6.16,4.15,4.57,2.62158,1.00682,1.36444,1.98786,1.31725,0.68835,0.499,3.66808,3.27638,8.16876
20220126,1.78,5.64,5.93,3.3,4.98,3.88,4.28,6.3,4.12,4.95,2.62158,1.01024,1.4,2.2794499999999998,1.08725,0.71294,0.47625,3.72526,3.42829,8.1415
20220127,1.68,5.92,5.92,3.42,5.09,3.99,4.55,6.35,4.21,5.12,2.62158,1.12619,1.4797799999999999,2.35557,1.1223699999999999,0.68325,0.45693,3.79595,3.44612,8.94142
20220128,1.8,6.22,5.86,3.43,5.2,3.92,4.92,6.47,4.11,5.06,2.59675,1.16881,1.46505,2.66796,1.14028,0.61933,0.45013,3.80548,3.68148,9.03042
20220129,2.07,6.44,5.62,3.35,5.36,3.6,5.27,6.65,3.66,4.9,2.5954800000000002,1.2043199999999998,1.414,2.6629099999999997,1.1544100000000002,0.59873,0.46,3.65995,3.55788,9.491959999999999
20220130,2.4,6.61,5.37,3.33,5.32,3.45,5.64,6.67,3.96,4.96,2.65914,1.2373800000000001,1.3066300000000002,2.62748,0.9315599999999999,0.5632699999999999,0.51338,3.57623,3.7161999999999997,9.5974
20220131,2.78,6.68,5.38,3.29,5.29,3.44,5.67,6.98,4.35,5.21,2.68443,1.24925,1.32922,2.71691,0.889,0.5632699999999999,0.64259,3.4935,3.68358,9.62404
20220201,3.25,6.81,5.41,3.1,5.09,3.42,5.75,7.06,4.7,5.18,2.76871,1.24925,1.32922,2.96922,0.889,0.5491900000000001,0.68911,3.36709,3.7637600000000004,9.62404
20220202,3.61,7.08,5.64,2.82,4.98,3.33,5.96,7.17,4.89,5.14,2.66276,1.24925,1.29505,3.27654,0.889,0.5619400000000001,0.71311,3.50241,4.0558499999999995,9.62404
20220203,3.89,7.01,5.77,2.52,4.93,3.21,6.04,7.16,5.06,5.13,2.67246,1.26447,1.34617,3.63192,0.83931,0.53513,0.71345,3.62567,4.08333,9.92135
20220204,4.12,6.74,5.63,2.39,4.97,3.01,6.07,7.15,5.07,5.05,3.0626700000000002,1.3258299999999998,1.3163699999999998,4.03196,0.87527,0.53136,0.71345,3.69825,4.371779999999999,9.655569999999999
20220205,4.11,6.56,5.55,2.43,5.04,2.77,6.27,6.91,5.31,4.93,3.06808,1.3258299999999998,1.2221600000000001,4.209359999999999,0.87527,0.45346,0.74574,3.5618600000000002,4.2691099999999995,9.70913
20220206,4.14,6.48,5.64,2.38,4.93,2.48,6.51,7,5.83,4.81,3.16028,1.3744100000000001,1.1103299999999998,4.32876,0.8704700000000001,0.58946,0.74574,3.50367,4.70574,9.81932
20220207,4.1,6.37,5.82,2.4,4.93,2.38,6.61,6.94,6.35,4.62,3.28564,1.44781,1.1103299999999998,4.47996,0.8528,0.64736,0.74574,3.2735700000000003,4.61359,9.89632
20220208,3.96,6.35,5.82,2.57,4.69,2.42,6.63,6.68,6.72,4.6,3.22269,1.4140599999999999,1.0256500000000002,4.59648,0.81938,0.68443,0.7826799999999999,3.25133,4.90552,9.78155
20220209,4.01,6.47,5.75,2.6,4.45,2.65,6.53,6.72,7.12,4.63,3.1452,1.4140599999999999,0.9321200000000001,4.6949499999999995,0.8248099999999999,0.77636,0.7690499999999999,3.2272,5.107069999999999,9.37591
20220210,4.24,6.48,5.82,2.72,4.27,2.93,6.57,6.84,7.47,4.62,3.09062,1.34853,0.97388,4.6949499999999995,0.84424,0.97373,0.79868,3.23611,5.04275,9.41117
20220211,4.29,6.47,5.93,2.98,4.24,3.09,6.44,7.12,7.91,4.89,3.02196,1.38625,1.05617,4.88995,0.81289,0.97373,0.79868,2.90153,5.03886,9.0483
20220212,4.06,6.49,5.9,3.27,4.16,3.18,6.4,7.16,8.34,5.32,3.13773,1.38625,1.1300599999999998,5.004449999999999,0.82382,1.11947,0.81839,2.90153,5.13741,8.948129999999999
20220213,4.15,6.63,5.82,3.66,4.25,3.26,6.34,7.48,8.55,5.71,3.0206500000000003,1.451,1.28268,5.24679,0.84335,1.22575,0.81839,2.9355,5.30146,9.07268
20220214,4.27,6.65,6.02,3.99,4.58,3.55,6.43,7.92,8.7,6.05,2.9977300000000002,1.3728099999999999,1.4632100000000001,5.498279999999999,0.84335,1.23571,0.79479,2.71989,5.31364,8.8275
20220215,4.34,6.85,6.03,3.82,5.01,3.42,6.43,8.35,8.47,5.92,3.13881,1.40147,1.52033,5.29406,0.82539,1.3033800000000002,0.8159400000000001,2.53411,5.2736,8.68023
20220216,4.39,6.99,5.97,3.71,5.45,3.36,6.51,8.45,8.47,5.69,3.1804,1.4083599999999998,1.71228,5.29406,0.80195,1.36813,0.79511,2.3703499999999997,5.19112,8.34665
20220217,4.57,7.05,6.08,3.85,5.62,3.28,6.57,8.28,8.38,5.56,3.3267399999999996,1.45015,1.8345,5.29406,0.80526,1.36813,0.81017,2.1895,4.9925,8.33117
20220218,4.74,7.11,6.05,4.14,5.58,3.26,6.61,8.19,8.2,5.73,3.17953,1.40285,1.76953,5.58744,0.8050499999999999,1.36813,0.81333,1.92027,5.007350000000001,7.6500900000000005
20220219,4.67,7.17,6.16,4.6,5.71,3.46,6.48,8.29,8.56,5.73,3.18228,1.40285,1.8545,5.296600000000001,0.80533,1.45043,0.81733,1.92027,4.9025,7.59035
20220220,4.59,7.3,6.35,4.98,6,3.54,6.5,8.51,8.97,5.58,3.0279499999999997,1.371,1.9503499999999998,5.6235,0.7364400000000001,1.45043,0.79826,1.53521,4.96631,7.15264
20220221,4.69,7.58,6.41,5.21,6.15,3.47,6.57,8.87,9.47,5.57,2.70811,1.27183,1.9503499999999998,5.6235,0.65918,1.45043,0.83817,1.11557,4.90756,6.879449999999999
20220222,4.79,7.82,6.68,5.45,6.29,3.43,6.62,9.14,9.87,5.38,2.64589,1.26018,1.9503499999999998,5.646,0.63322,1.45043,0.86441,0.7766900000000001,4.8608,6.00464
20220223,4.79,7.91,6.79,5.84,6.52,3.77,6.71,9.25,9.83,5.01,2.49905,1.3392,1.9503499999999998,5.73386,0.52378,1.5401500000000001,0.86441,0.6210800000000001,4.77696,5.752260000000001
20220224,4.82,7.94,6.86,6.25,6.67,4.39,6.92,9.49,9.8,4.94,2.4665,1.1732,1.9503499999999998,5.5196000000000005,0.41456,1.5401500000000001,0.8745599999999999,0.6210800000000001,4.77696,5.42948
20220225,5.19,8.09,7.08,6.48,6.89,4.96,7.18,9.41,9.65,5.16,2.5228800000000002,0.92611,1.85033,5.59893,0.36972000000000005,1.5401500000000001,0.8855299999999999,0.6210800000000001,4.70128,4.34648
20220226,5.53,8.13,7.06,6.57,6.98,5.55,7.53,9.52,9.88,5.4,2.5228800000000002,0.8555,1.79756,5.08873,0.37382,1.5463099999999999,0.9282100000000001,0.59177,4.402,4.08352
20220227,6,8.37,7.08,6.7,7.14,6,7.65,9.68,9.97,5.56,2.4013299999999997,0.63222,1.7493299999999998,4.833399999999999,0.35994,1.5463099999999999,0.9282100000000001,0.59177,4.3174399999999995,3.22668
20220228,6.42,8.45,7.15,7.06,7.32,6.18,7.85,9.51,9.99,5.91,2.28994,0.43688,1.7026700000000001,4.60221,0.35994,1.45114,0.95608,0.58443,3.9816700000000003,2.81523
20220229,,,,7.06,,,,9.62,,,,,,4.58336,,,,0.55557,,
20220301,6.41,8.47,7.31,7.02,7.56,6.51,8.03,9.82,10.51,6.28,2.15861,0.22071000000000002,1.76753,4.85746,0.35994,1.4866199999999998,0.97142,0.58908,3.94267,2.1255900000000003
20220302,6.24,8.42,7.58,7.32,7.7,6.82,8.18,9.88,10.45,6.49,1.9428299999999998,0.22071000000000002,1.76812,4.85746,0.34879000000000004,1.581,0.9402699999999999,0.58533,3.65908,2.06117
20220303,6.05,8.44,7.75,7.79,7.98,7.22,8.51,10.02,10.39,6.74,1.86647,0.22071000000000002,1.76812,4.46615,0.34879000000000004,1.581,0.7633,0.58527,3.54248,2.02946
20220304,6.08,8.35,7.7,8.05,8.37,7.77,8.93,10.07,10.42,7.21,1.68894,0.21562,1.69489,3.7434600000000002,0.34879000000000004,1.694,0.68367,0.58527,3.3533600000000003,1.9663599999999999
20220305,6.28,8.05,7.73,8.37,8.69,8.07,9.13,10.03,10.87,7.43,1.68794,0.215,1.7121099999999998,2.92015,0.34879000000000004,1.811,0.5742200000000001,0.58527,2.95904,1.9341199999999998
20220306,6.82,8,7.87,8.74,8.63,8.49,9.43,10.26,11.06,7.59,1.5933499999999998,0.215,1.7121099999999998,2.12175,0.36294,1.67364,0.556,0.5565,2.84032,1.9341199999999998
20220307,7.26,8.25,8.1,9.11,8.39,8.8,9.64,10.52,11.23,7.88,1.04059,0.215,1.76694,1.7871700000000001,0.36294,1.67364,0.556,0.5096700000000001,2.44933,1.9208800000000001
20220308,7.96,8.5,8.43,9.33,8.32,9.05,9.81,11.02,11.42,8.38,0.95082,0.215,1.85862,1.50383,0.36294,1.67364,0.556,0.51218,2.37367,1.7798800000000001
20220309,8.74,8.58,8.58,9.45,8.55,9.45,9.93,11.34,11.45,8.87,0.67444,0.215,1.7665899999999999,1.45046,0.36618,1.6162,0.556,0.5022,1.93754,1.7798800000000001
20220310,9.41,8.74,8.46,9.35,8.75,9.92,10.03,11.45,11.6,9.39,0.37547,0.215,1.6744400000000002,1.41729,0.36906,1.64022,0.556,0.3965,1.9501199999999999,1.6233499999999998
20220311,9.95,9.16,8.63,9.3,9.13,10.28,10.31,11.56,12.12,9.78,0.2845,0.20438,1.6744400000000002,1.38147,0.37247,1.7525,0.49713999999999997,0.40245,1.77071,1.46604
20220312,10.54,9.2,8.92,9.25,9.7,10.59,10.79,11.74,12.21,10.16,0.27313,0.20438,1.74,1.38147,0.36479,1.71514,0.495,0.45425,1.56971,1.4628800000000002
20220313,10.75,9.28,9.01,9.13,10.25,11.12,10.94,11.73,12.44,10.37,0.26531,0.19071000000000002,1.75,1.38147,0.304,1.3781700000000001,0.495,0.49557999999999996,1.47762,1.352
20220314,10.96,9.42,9.1,9.03,10.57,11.87,11.24,11.87,12.58,10.45,0.26531,0.19071000000000002,1.703,1.3576199999999998,0.306,1.3781700000000001,0.495,0.49557999999999996,1.45974,1.33933
20220315,11.37,9.73,9.53,9.12,10.83,12.44,11.47,11.81,12.66,10.65,0.26531,0.19071000000000002,1.4971400000000001,1.31776,0.306,1.0837999999999999,0.495,0.49557999999999996,1.41725,1.2113
20220316,11.76,10.26,10.04,9.28,11.06,12.68,11.71,11.65,12.67,10.99,0.25333,0.19071000000000002,1.3023099999999999,1.27278,0.25727,0.64975,0.495,0.53783,1.37128,1.1625
20220317,12.17,10.84,10.4,9.94,11.35,12.65,11.88,11.69,12.75,10.84,0.25333,0.18916999999999998,1.01333,1.24689,0.25727,0.40132999999999996,0.52,0.58382,1.37128,1.14242
20220318,12.55,11.18,10.41,10.21,11.52,12.82,12.16,12.05,13.09,10.94,0.25333,0.18916999999999998,1.01333,1.24689,0.231,0.40132999999999996,0.52,0.55983,1.36136,1.04183
20220319,12.98,11.33,10.88,10.58,11.55,12.85,12.77,12.64,13.48,11.15,0.25333,0.18916999999999998,0.60591,1.24689,0.21444,0.40132999999999996,0.545,0.55983,1.28856,1.0433
20220320,13.25,11.44,11.37,10.66,11.67,12.98,13.16,13.08,13.96,11.53,0.25333,0.18916999999999998,0.414,1.24689,0.20562,0.40132999999999996,0.545,0.54169,1.2994,0.92518
20220321,13.37,11.6,11.91,10.93,11.97,12.85,13.38,13.59,14.32,11.72,0.23929,0.211,0.39332999999999996,1.24689,0.19271000000000002,0.40132999999999996,0.5283300000000001,0.54169,1.25946,0.88923
20220322,13.64,11.95,12.19,11.26,12.11,12.82,13.57,13.86,14.3,11.95,0.23929,0.211,0.39332999999999996,1.24689,0.19271000000000002,0.40132999999999996,0.3075,0.54169,1.2448800000000002,0.7931900000000001
20220323,14.02,12.27,12.22,11.56,12.37,12.97,13.75,13.94,14.3,12.32,0.23846,0.211,0.39332999999999996,1.24689,0.19816999999999999,0.40132999999999996,0.16,0.46823000000000004,1.11929,0.78623
20220324,14.29,12.68,12.46,11.76,12.57,13.35,13.82,14.21,14.12,12.65,0.18333000000000002,0.21625,0.39332999999999996,1.22533,0.19816999999999999,0.40132999999999996,0.16,0.44107,1.11929,0.77095
20220325,14.37,13.04,12.53,11.85,12.97,13.73,13.97,14.6,14.13,13.18,0.15281999999999998,0.21625,0.39332999999999996,1.19682,0.1994,0.40132999999999996,0.16,0.44107,1.10275,0.71141
20220326,14.68,13.31,12.79,12.14,13.14,14.03,14.16,14.58,14.63,13.75,0.15309999999999999,0.21625,0.39332999999999996,1.11412,0.20275,0.40132999999999996,0.16,0.44107,0.97333,0.75305
20220327,15.06,13.63,13.07,12.43,13.28,14.42,14.45,14.94,14.77,14.19,0.15309999999999999,0.20333,0.39332999999999996,1.08107,0.17367,0.40132999999999996,0.16,0.44107,0.93624,0.70414
20220328,15.36,13.96,13.4,12.85,13.48,14.8,14.64,14.9,15.11,14.34,0.15309999999999999,0.20333,0.42375,1.10471,0.136,0.40132999999999996,0.16,0.45654,0.86642,0.68657
20220329,15.49,14.22,13.74,13.15,13.66,15.12,14.85,15.07,15.29,14.5,0.15309999999999999,0.195,0.47,1.17431,0.136,0.257,0.16,0.45654,0.87833,0.65076
20220330,15.53,14.3,14.37,13.44,13.89,15.29,14.94,15.5,15.58,14.76,0.13288999999999998,0.195,0.41033,1.17431,0.148,0.23133,0.16,0.51377,0.84,0.65076
20220331,15.46,14.57,14.63,14.07,13.84,15.84,14.77,15.81,16.02,14.76,0.1345,0.195,0.4204,1.19717,0.148,0.24,0.16,0.53992,0.84,0.6411
20220401,15.78,14.98,14.84,14.72,13.79,16.36,14.65,15.97,16.26,14.74,0.12429000000000001,0.195,0.4204,1.19717,0.148,0.24,0.16,0.53992,0.84145,0.62295
20220402,16.06,15.4,14.91,15.11,14.06,16.89,14.62,16.27,16.78,14.93,0.12633,0.195,0.4605,1.19717,,0.24,0.16,0.53992,0.82427,0.62074
20220403,16.45,15.71,15.25,15.13,14.29,17.21,14.64,16.45,17.1,15.05,0.12633,0.195,0.4605,0.99391,,0.21666999999999997,0.16,0.53992,0.8281000000000001,0.583
20220404,16.82,15.81,15.65,15.2,14.53,17.03,14.74,16.72,17.27,15.13,0.12633,0.21,0.464,0.9983,,0.21666999999999997,0.16,0.53992,0.8215,0.5907100000000001
20220405,17.02,15.99,15.76,15.39,14.55,16.88,14.9,16.95,17.21,15.45,0.1308,,0.201,0.9472200000000001,,0.21666999999999997,,0.53992,0.7545,0.55565
20220406,16.86,16.28,15.81,15.55,14.9,17.01,15.12,17.11,17.56,15.87,0.1435,,0.201,0.9472200000000001,,0.18666999999999997,,0.58792,0.69789,0.55565
20220407,16.62,16.76,15.64,15.63,15.57,17.11,15.38,17.26,18.01,16.1,0.162,,0.201,0.79867,,0.18666999999999997,,0.61425,0.69789,0.54576
20220408,16.56,17.19,15.51,16.1,16.21,17.43,15.5,17.28,18.19,16.41,0.131,,0.201,0.7416200000000001,,0.18666999999999997,,0.61425,0.69278,0.5255
20220409,16.11,17.77,15.64,16.66,16.36,17.77,15.44,17.35,18.2,16.81,0.131,,0.108,0.7318600000000001,,0.18666999999999997,,0.59815,0.57765,0.5255
20220410,15.71,18.27,16.16,17.29,16.6,18.14,15.4,17.53,17.91,17.15,0.131,,,0.6895,,0.192,,0.6,0.58862,0.51147
20220411,15.64,18.25,16.56,17.6,16.68,18.35,15.47,17.68,18.01,17.46,0.131,,,0.6514,,0.192,,0.5963099999999999,0.35773,0.52486
20220412,15.46,18.65,16.79,17.95,16.68,18.46,15.63,17.55,18.13,17.78,0.148,,,0.6514,,0.192,,0.56067,0.248,0.49857
20220413,15.84,19.13,16.75,18.16,16.93,18.34,16.02,17.67,18.2,17.83,,,,0.6514,,0.1956,,0.5418200000000001,0.18277000000000002,0.46547000000000005
20220414,16.15,19.67,16.84,18.6,17.3,17.93,16.1,18.07,18.25,17.76,,,,0.56425,,0.1956,,0.5418200000000001,0.18277000000000002,0.46547000000000005
20220415,16.04,19.99,16.97,18.83,17.77,17.98,16.37,18.45,18.24,17.79,,,,0.52567,,0.1956,,0.5418200000000001,0.16133,0.46547000000000005
20220416,16.48,20.14,17.08,18.93,18.27,18.15,16.77,18.75,18.32,17.72,,,,0.5345,,0.1956,,0.4576,0.15164,0.49586
20220417,16.34,20.16,17.07,18.85,18.18,18.43,17.15,18.77,18.28,18.15,,,,0.288,,0.18933000000000003,,0.4576,0.15164,0.53123
20220418,16.45,20.1,17.4,19.16,18.42,18.75,17.46,18.79,18.25,18.66,,,,0.288,,0.18933000000000003,,0.47556,0.1258,0.4935
20220419,16.4,20.17,17.26,19.25,18.52,19.33,17.31,18.64,18.42,19.28,,,,0.288,,0.18933000000000003,,0.47556,0.12689,0.4935
20220420,16.23,20.49,17.01,19.49,18.72,20.04,17.53,18.67,18.97,19.77,,,,0.288,,0.182,,0.4945,0.1055,0.4935
20220421,16.34,20.88,17.06,19.45,18.93,20.97,17.8,18.34,19.61,19.96,,,,0.288,,0.182,,0.4945,0.1055,0.47145
20220422,16.61,21.07,17.25,19.75,19.13,21.24,18.36,18.05,20.13,20.42,,,,0.288,,0.182,,0.4945,0.11456999999999999,0.47145
20220423,16.43,21.26,17.68,19.98,19.39,21.15,18.69,17.94,20.21,20.92,,,,0.288,,0.182,,0.55086,0.09686,0.4546
20220424,16.67,21.44,18.04,20.3,19.76,21.02,18.97,17.9,20.35,21.37,,,,0.288,,0.182,,0.628,0.09686,0.45867
20220425,16.92,21.63,18.37,20.8,20.08,21.07,18.99,17.96,20.39,21.64,,,,0.288,,0.182,,0.628,0.10333,0.4835
20220426,17.06,21.79,18.75,21.25,20.43,21.19,18.75,18.04,20.31,21.7,,,,0.288,,0.182,,0.628,0.10867,0.39314
20220427,17.07,21.72,19.08,21.25,20.74,21.2,18.55,18.11,20.54,21.85,,,,0.288,,0.182,,0.54943,0.12067,0.39314
20220428,17.22,21.35,19.17,21.3,21.07,21.26,18.43,18.42,20.68,22.14,,,,0.288,,0.182,,0.54943,0.12067,0.32286000000000004
20220429,17.37,21.32,19.05,21.39,21.43,21.44,18.1,18.74,20.82,21.96,,,,0.288,,0.182,,0.54943,0.094,0.26667
20220430,17.65,21.36,19.08,21.56,21.79,21.7,18.32,19.06,20.8,21.87,,,,0.288,,0.18233000000000002,,0.40270999999999996,0.094,0.26667
20220501,17.73,21.47,19.58,21.82,22.27,21.75,18.77,19.45,20.54,21.99,,,,0.288,,0.18233000000000002,,0.40270999999999996,0.112,0.26667
20220502,17.81,21.63,20.08,21.89,22.74,21.57,19.23,19.72,20.49,22.16,,,,0.288,,0.18233000000000002,,0.37838,0.112,0.26667
20220503,18.02,21.55,20.27,21.79,23.17,21.28,19.69,19.76,20.58,22.38,,,,0.288,,0.18233000000000002,,0.37838,0.118,0.1996
20220504,18.09,21.54,20.42,22.02,23.42,21.12,20.13,20.05,20.67,22.68,,,,0.288,,0.18480000000000002,,0.34238,0.13257,0.1996
20220505,18.1,21.67,20.62,22.53,23.55,21.53,20.41,20.17,20.88,22.93,,0.136,,0.288,,0.18480000000000002,,0.34238,0.1385,0.1996
20220506,18.23,21.86,21.05,22.73,23.79,21.82,20.4,20.55,21.12,23.14,,0.136,,0.288,,0.18480000000000002,0.086,0.34238,0.13538,0.1165
20220507,18.6,22.2,21.5,22.82,24.1,21.96,20.36,20.76,21.26,23.26,,0.136,,0.288,,0.1785,0.086,0.26786,0.12922,0.1165
20220508,19.17,22.24,22.03,23.06,24.14,22.23,20.47,21.12,21.37,23.37,,0.136,,,,0.1785,0.25,0.26786,0.1443,0.012
20220509,19.37,22.33,22.53,23.07,23.88,22.4,20.61,21.16,21.5,23.33,,0.18,,,,0.1785,0.18067,0.26786,0.1443,0.012
20220510,19.66,22.35,22.87,22.74,24.02,22.58,21.03,21.35,21.42,23.14,,0.18,,,,0.1785,0.18067,0.245,0.15118,0.034
20220511,20.23,22.34,22.98,22.69,24.28,22.64,21.68,21.76,21.7,22.96,,0.18,,,,0.16867,0.18067,0.269,0.15358000000000002,0.034
20220512,20.84,22.58,23.02,23.07,24.36,22.5,22.1,22.11,21.84,22.91,,0.19866999999999999,,,,0.16867,0.18067,0.24,0.15253999999999998,0.0512
20220513,21.48,23.05,23.38,23.16,24.69,22.55,22.35,22.48,22.38,22.52,,0.19866999999999999,,,0.01,0.16867,0.231,0.283,0.17357,0.0635
20220514,21.7,23.21,24.03,23.52,24.71,22.88,22.62,22.81,22.77,22.73,,0.1625,,,0.01,0.148,0.231,0.33970999999999996,0.172,0.102
20220515,21.94,23.24,24.35,23.67,24.75,23.5,23.07,22.6,23.01,23.07,,0.1625,,,0.019,0.148,0.35760000000000003,0.36988,0.172,0.102
20220516,22.33,23.29,24.53,23.64,24.65,23.86,23.37,22.67,23.18,23.27,,0.16119999999999998,,,0.058,0.148,0.34867000000000004,0.37256,0.172,0.102
20220517,22.1,23.32,24.65,23.88,24.54,24.27,23.48,22.92,23.19,23.56,,0.16119999999999998,,,0.071,0.148,0.456,0.37256,0.1675,0.12240000000000001
20220518,22.38,23.5,24.58,24.31,25,24.42,23.37,23.14,23.43,23.84,,0.16119999999999998,,,0.0964,0.138,0.456,0.3986,0.17482,0.12240000000000001
20220519,22.36,23.87,24.89,24.58,25.07,24.32,23.31,23.06,23.8,23.96,,0.177,,0.18,0.16166999999999998,0.131,0.456,0.45991000000000004,0.1745,0.132
20220520,22.64,24.1,25.18,24.87,25.35,24.16,23.49,23.33,23.6,24.08,0.406,0.176,,0.243,0.32371,0.131,0.5245,0.5055,0.17321,0.12429000000000001
20220521,23.33,24.25,25.62,25.1,25.66,23.76,23.5,23.46,23.31,24.17,0.3495,0.176,0.102,0.243,0.32371,0.323,0.5493300000000001,0.52277,0.18744999999999998,0.147
20220522,23.8,24.49,25.82,25.53,26.01,23.58,23.68,23.76,23.18,24.6,0.27832999999999997,0.16375,0.15,0.243,0.474,0.28467000000000003,0.5983999999999999,0.62064,0.18167,0.147
20220523,24.15,24.57,26.02,25.56,26.22,23.77,23.74,24.22,23.22,24.73,0.28575,0.17089,0.15133000000000002,0.47067000000000003,0.6627799999999999,0.22725,0.62373,0.66513,0.18167,0.147
20220524,24.9,24.79,26.18,25.51,26.3,24.35,24.14,24.59,23.35,24.94,0.3138,0.184,0.15133000000000002,0.58,0.8603,0.2512,0.616,0.66513,0.20319,0.16844
20220525,25.27,24.79,26.39,25.65,26.45,24.78,24.48,24.82,23.35,25.01,0.38617,0.184,0.2035,0.758,0.9699099999999999,0.30083,0.73462,0.79825,0.2175,0.172
20220526,25.67,24.81,26.62,25.69,26.37,25.06,24.99,24.9,23.33,24.97,0.38617,0.21963999999999997,0.3132,0.8446699999999999,1.21908,0.34586,0.73462,0.82171,0.21191,0.17491
20220527,25.81,25.07,26.73,25.78,26.55,25.12,25.41,25.12,23.42,25.23,0.43043,0.24033000000000002,0.5323300000000001,1.1094300000000001,1.51515,0.34586,0.79414,0.93617,0.23474,0.18566999999999997
20220528,25.95,25.37,26.82,26.24,26.96,25.28,25.56,25.39,23.62,25.52,0.43043,0.28154,0.8434299999999999,1.81875,1.51515,0.3755,0.88747,1.00128,0.24365,0.18508000000000002
20220529,25.89,26.01,27.08,26.46,27.26,25.4,25.99,25.6,23.7,25.79,0.48588,0.36071,1.07075,1.81875,1.91586,0.47778,0.91731,1.06137,0.24617,0.19783
20220530,26.22,26.68,27.29,26.68,27.42,25.38,26.61,25.7,23.85,26.23,0.64522,0.42360000000000003,1.2653299999999998,2.3057800000000004,2.2195300000000002,0.5704,1.00082,1.13595,0.25122,0.18908000000000003
20220531,26.33,27.21,27.45,26.75,27.4,25.33,26.75,25.7,24.05,26.66,0.6989,0.5638099999999999,1.2653299999999998,3.146,2.64206,0.62273,1.0565,1.18489,0.26633,0.19213999999999998
20220601,26.63,27.45,27.53,26.7,27.56,25.5,26.85,25.52,24.46,27.1,0.7920900000000001,0.5638099999999999,1.7027,3.8730900000000004,2.96371,0.749,1.11984,1.30375,0.27917000000000003,0.18
20220602,26.88,27.34,27.52,26.78,27.6,25.95,26.99,25.48,24.82,27.51,0.7920900000000001,0.7634099999999999,2.279,4.7645,3.20606,0.96,1.11984,1.4758499999999999,0.29560000000000003,0.17
20220603,27.15,27.3,27.81,27.05,27.51,26.41,27.09,25.82,24.66,27.84,0.89442,1.009,2.7338299999999998,5.67646,3.72058,0.96,1.22665,1.58514,0.3135,0.17647
20220604,27.45,27.42,28.11,27.01,27.57,26.68,27.23,26.03,24.85,27.91,1.1383800000000002,1.2719500000000001,3.06262,6.9336400000000005,3.72058,1.24207,1.38886,1.82133,0.31004000000000004,0.19733
20220605,27.71,27.56,28,27.06,27.65,26.62,27.41,26.42,25.11,27.65,1.39064,1.58068,3.73,6.9336400000000005,4.402399999999999,1.5122,1.56277,2.03827,0.34069,0.19733
20220606,27.88,27.81,28.13,26.81,27.56,27.08,27.72,26.48,25.28,27.49,1.68473,1.86235,4.59527,8.4734,4.90762,1.7810599999999999,1.75945,2.22417,0.34892,0.222
20220607,28.02,27.94,28.21,26.9,27.49,27.47,27.62,26.7,25.44,27.3,1.94281,2.33148,4.59527,9.888309999999999,5.52055,2.0221199999999997,2.0494299999999996,2.22417,0.37244,0.28114999999999996
20220608,28,28.08,28.26,26.89,27.53,27.85,27.73,27.01,25.63,27.34,2.2359400000000003,2.33148,5.61419,10.91865,6.01626,2.28972,2.34396,2.54008,0.41688,0.27167
20220609,28.09,28.15,28.4,27.08,27.98,28.01,27.82,27.58,25.93,27.44,2.2359400000000003,3.1698600000000003,6.38759,12.08228,6.53692,2.61937,2.4485900000000003,2.77168,0.47762,0.27659
20220610,28.3,28.1,28.6,27.58,28.21,27.9,27.66,27.75,26.46,27.62,2.80844,3.65345,7.08517,13.499319999999999,7.211399999999999,2.61937,2.84604,2.85958,0.50492,0.31714
20220611,28.19,28.17,28.71,27.83,28.24,27.69,27.52,27.56,26.86,27.68,3.38137,4.19496,7.88016,15.46205,7.211399999999999,3.0441,3.16621,3.18973,0.56238,0.35517000000000004
20220612,27.96,28.22,29.06,27.79,28.41,27.89,27.5,27.7,27.02,27.69,3.75895,4.83104,8.5598,15.46205,8.502120000000001,3.49233,3.46852,3.46844,0.6302300000000001,0.36586
20220613,27.85,28.14,29.13,28.05,28.36,27.95,27.63,27.85,27.11,27.93,3.8785700000000003,5.42829,9.45476,17.41533,9.692,3.85514,4.01712,3.8610700000000002,0.6375599999999999,0.41996
20220614,27.74,28.28,29.1,28.18,28.5,27.81,27.51,27.94,27.07,27.79,4.28836,6.39183,9.45476,19.23273,10.52952,4.26722,4.59058,3.98342,0.74172,0.44343
20220615,27.91,28.42,29.27,28.15,28.7,27.61,27.5,28.41,27.06,27.85,4.7422200000000005,6.39183,10.98391,20.95304,11.761629999999998,4.88833,5.4498500000000005,4.35254,0.8152699999999999,0.49829
20220616,28.2,28.49,29.48,28.33,28.95,27.53,27.44,28.6,27.09,27.95,4.7422200000000005,7.83629,11.99643,22.362080000000002,13.21759,5.6058,5.65568,4.73419,0.8520399999999999,0.5463600000000001
20220617,28.39,28.52,29.38,28.41,29.15,27.48,27.49,28.54,27.18,28.09,5.511,9.00888,12.94933,24.34768,15.02111,5.6058,6.42744,4.9524099999999995,0.9350700000000001,0.61284
20220618,28.4,28.59,29.62,28.49,29.4,27.65,27.71,28.41,27.3,28.16,6.12652,10.344190000000001,13.99136,27.170080000000002,15.59123,6.49227,7.13554,5.36567,1.05659,0.71704
20220619,28.68,28.59,29.67,28.59,29.66,27.76,27.85,28.79,27.35,28.35,6.56619,11.8285,14.955,28.24968,18.00069,7.69385,7.63441,5.76963,1.19326,0.73852
20220620,28.91,28.76,29.61,28.63,29.68,27.98,28.17,29.04,27.9,28.55,7.32815,13.372770000000001,16.12,33.04896,20.00246,8.28159,8.46137,6.075699999999999,1.2333800000000001,0.90276
20220621,28.9,28.68,29.66,28.63,29.79,28.37,28.37,29.3,28.3,28.79,8.30485,14.40833,16.73608,36.286379999999994,21.36289,9.18844,9.35848,6.28131,1.44254,1.096
20220622,28.9,28.59,29.72,28.59,29.88,28.59,28.38,29.45,28.35,28.96,9.667959999999999,14.9595,18.91742,38.447480000000006,23.550849999999997,10.335809999999999,10.287889999999999,6.9472700000000005,1.57723,1.2575
20220623,28.74,28.63,29.81,28.72,30.15,28.83,28.35,29.66,28.13,28.88,10.04236,16.76938,21.28304,42.14144,26.0763,11.783959999999999,10.64985,7.608,1.71689,1.42415
20220624,28.64,28.52,29.73,28.94,30.37,29,28.26,29.57,28.22,28.91,11.364799999999999,18.57815,23.0823,46.545300000000005,28.75559,12.22385,11.99458,8.02826,1.9,1.64893
20220625,28.57,28.64,29.57,29.01,30.36,29.23,28.35,29.55,28.43,28.98,12.85012,19.45207,25.249740000000003,50.85796,29.78212,13.884079999999999,13.13785,8.505930000000001,2.14748,1.89022
20220626,28.6,28.77,29.3,29.11,30.44,29.19,27.99,29.64,28.6,29.19,13.57846,21.126,27.143069999999998,52.76488,32.568580000000004,15.526879999999998,13.883700000000001,8.98641,2.39467,1.95508
20220627,28.83,28.79,29.14,29.06,30.5,29.39,28.16,29.8,28.8,29.26,14.75846,23.09011,29.07552,58.7685,34.991150000000005,16.21819,14.942,9.69633,2.46504,2.30215
20220628,29.07,28.84,29.05,29.07,30.49,29.29,28.47,29.89,28.83,29.32,15.55419,25.47163,30.08958,64.79592,36.307,17.38637,15.84156,10.02119,2.84042,2.69585
20220629,29.45,28.72,29.05,29.12,30.35,29.31,28.32,29.93,29.02,29.37,16.94996,26.39785,33.11562,67.64567,38.231190000000005,18.6017,17.0733,11.0435,3.26869,2.92033
20220630,29.63,28.62,29.1,29.17,30.36,29.24,28.36,29.88,29.06,29.55,17.52804,29.15662,35.787769999999995,71.96507000000001,40.37996,19.98189,17.64008,11.4235,3.555,3.23841
20220701,29.86,28.52,29.11,29.18,30.29,29.16,28.44,29.8,29.26,29.67,20.16442,31.85604,37.183519999999994,76.47033,42.71341,20.706349999999997,19.023880000000002,11.737440000000001,3.9356999999999998,3.56767
20220702,30.01,28.39,29.07,29.24,30.25,28.9,28.58,29.89,29.39,29.8,22.494419999999998,33.49089,39.725300000000004,80.35681,44.044309999999996,21.879,20.45465,12.19915,4.36585,3.94152
20220703,30.17,28.32,29.08,29.14,30.39,28.7,28.57,29.78,29.22,29.92,23.43778,36.03389,42.91589,82.88708,47.11965,22.747619999999998,21.18033,12.8047,4.976850000000001,4.09235
20220704,30.23,28.63,29.07,28.87,30.53,28.71,28.58,29.58,29.64,29.93,24.736439999999998,37.99474,46.766,87.74319,49.39923,23.431369999999998,22.54544,13.47859,5.139,4.64192
20220705,30.01,28.74,29.02,29.26,30.65,28.6,28.57,29.33,29.6,30.07,26.239369999999997,40.62641000000001,48.29515,91.59303999999999,49.85748,25.314040000000002,23.966189999999997,13.79654,5.93,5.11165
20220706,30.04,28.74,29.25,29.23,30.73,28.47,28.51,29.14,29.48,30.54,27.563560000000003,41.95812,52.364309999999996,93.09011,51.81141,27.206409999999998,25.70637,14.69969,6.67077,5.53085
20220707,29.87,28.73,29.05,29.7,31.01,28.27,28.46,29.17,29.45,30.93,28.40054,44.88523,55.80523,97.3963,53.99856,29.377110000000002,26.52535,15.53985,7.133109999999999,6.113479999999999
20220708,30.04,28.75,28.8,29.9,31.16,28,28.76,29.16,29.41,31.33,30.48912,47.81873,57.03193,102.10878,56.00833,30.28088,28.55612,16.04496,7.61052,6.81385
20220709,30.27,28.85,28.68,30.19,31.38,27.67,28.7,29.02,29.37,31.62,32.34419,49.1237,59.03148,107.59715,57.51165,32.87908,30.7405,16.40133,8.34067,7.56619
20220710,30.5,29.09,28.62,30.3,31.34,27.8,28.53,28.72,29.38,31.95,33.309,51.33759,61.09578,110.50996,60.48012,34.92065,31.805439999999997,17.27837,9.09337,7.84258
20220711,30.72,29.39,28.55,30.31,31.52,28.15,28.64,28.83,29.47,31.95,35.17204,53.51689,65.16533,117.57769,62.68985,36.079629999999995,33.22493,17.95648,9.407350000000001,8.82377
20220712,31,29.51,28.53,30.3,31.66,28.61,28.77,28.89,29.64,31.97,37.103559999999995,56.67848,66.81823,123.47988000000001,63.67952,38.16167,34.73044,18.299419999999998,10.4475,9.66765
20220713,31.3,29.64,28.41,30.47,31.9,28.95,28.82,28.53,29.79,31.95,39.33822,58.28665,70.109,124.95244,65.03289,40.44693,36.81911,19.27804,11.361040000000001,10.19567
20220714,31.44,29.77,28.47,30.47,32.14,29.23,28.83,28.28,29.85,32.16,40.61004,61.97708,73.11614999999999,128.91663,67.05107000000001,42.88611,37.69304,19.795540000000003,12.044780000000001,10.96974
20220715,31.64,29.73,28.58,30.47,32.05,29.55,28.92,28.02,30.03,32.61,42.66446,65.90053999999999,74.69889,133.6213,69.22644,44.022769999999994,39.60546,20.022740000000002,13.04748,11.80704
20220716,31.69,29.77,28.47,30.38,32.07,29.9,28.96,27.95,30.37,32.92,44.65885,67.59236999999999,77.41152000000001,137.97426000000002,70.60842,47.04162,41.06827,21.17993,14.03537,12.90359
20220717,31.75,29.73,28.15,30.49,32.06,30.17,28.99,27.94,30.55,33.01,45.364,70.32767,80.50247999999999,141.17442000000003,72.35988,49.47908,41.98407,22.56022,14.91222,13.3345
20220718,31.89,29.8,28.32,30.45,32,30.35,28.9,27.95,30.84,32.72,46.929559999999995,72.57952,83.28741000000001,146.10992000000002,73.66758,50.52089,43.59048000000001,23.68226,15.39569,14.83742
20220719,32.15,29.87,28.46,30.41,31.94,30.47,28.84,28.18,30.95,32.72,48.694480000000006,74.59463000000001,84.99077,151.07962,74.56015,52.45593,44.90256,24.13962,16.736349999999998,15.90035
20220720,32.22,30.03,28.33,30.26,31.93,30.86,28.77,28.27,31.01,32.76,51.0703,75.9695,89.67369000000001,153.53885,75.74915,54.171150000000004,46.26978,25.96773,17.95146,16.411369999999998
20220721,32.25,30.2,28.61,30.2,32.1,31.12,28.69,28.34,31.03,32.58,52.25696,79.44058,94.68535,157.50574,77.45963,56.831410000000005,47.152,27.24873,18.48085,17.68815
20220722,32.44,30.54,28.74,30.32,32.21,31.28,28.75,28.11,31.07,32.45,54.94962,83.31646,97.17293,161.45867,79.22304,58.05542,48.4115,27.63607,19.50915,19.00815
20220723,32.44,30.67,28.72,30.48,32.05,31.41,28.91,27.96,31.27,32.2,56.914269999999995,85.77085000000001,100.20026,163.9627,79.93927000000001,61.35208,50.795,28.328409999999998,20.60719,20.49204
20220724,32.64,30.94,28.76,30.5,32.02,31.56,28.97,27.66,31.33,32.23,57.944739999999996,89.68048,103.12067,166.39731,81.16530999999999,63.87258,52.77537,28.971330000000002,21.82307,21.05877
20220725,32.73,31.12,28.92,30.66,31.94,31.61,28.94,27.71,31.45,32.26,59.73144,93.3167,107.11026,174.17464999999999,81.71123,65.2923,55.1953,29.94581,22.453349999999997,22.782619999999998
20220726,32.83,31.16,29.19,30.83,31.97,31.73,28.89,27.84,31.6,32.28,61.93119,98.10552,108.96522999999999,181.92562,81.39178,67.59,56.55685,30.494040000000002,23.95854,24.43954
20220727,32.91,31.18,29.39,30.99,32.2,32.02,29.18,27.72,31.83,32.24,65.7623,100.11835,116.44273,186.33074,82.58493,70.19089,57.93322,32.3465,25.56596,25.51322
20220728,32.82,31.14,29.59,31.23,32.36,32.14,29.24,27.53,31.98,32.26,67.08485,108.29323,123.24008,191.68774,84.45096000000001,73.4563,59.002120000000005,33.871230000000004,26.53126,27.309189999999997
20220729,32.93,31.12,29.63,31.45,32.13,32.46,29.32,27.35,32.15,32.31,70.9295,116.84196,127.65419,197.88241,86.90622,75.046,61.72877,34.88174,28.02396,28.69344
20220730,32.88,31.28,29.78,31.64,32.06,32.56,29.68,27.33,32.32,32.2,74.83565,123.03107000000001,133.6287,209.08585,87.97654,80.01027,64.34942,35.66856,30.10715,30.75504
20220731,32.8,31.42,30.15,31.76,31.88,32.91,29.85,27.5,32.51,32.07,77.85811,132.90374,142.33615,212.40354000000002,91.77253999999999,83.942,66.38389,37.46667,32.12348,31.604380000000003
20220801,32.76,31.42,30.33,31.94,32.01,33.31,30.1,27.72,32.59,31.88,80.15285,145.30478,145.72558999999998,229.30814999999998,93.89477000000001,86.49007,69.95855999999999,37.74644,32.94004,34.25492
20220802,32.74,31.53,30.45,32.02,32.05,33.79,30.28,27.79,32.6,31.77,85.43552000000001,151.4263,148.474,246.48458,95.13974,91.6953,74.08803999999999,38.58177,35.92108,36.193580000000004
20220803,32.73,31.63,30.72,32.22,32.07,34.18,30.51,28.06,32.83,31.78,91.29856,154.45738,162.95531,259.46689000000003,99.46922,98.97196000000001,74.1263,43.71977,38.14631,37.69985
20220804,32.78,31.55,31.04,32.62,32.22,34.35,30.64,28.13,32.9,31.79,93.38373,164.84162,174.72158,273.48056,105.53703999999999,100.42267,75.43446,47.98485,39.43404,40.62204
20220805,33.07,31.7,31.24,32.62,32.26,34.65,30.74,28.26,33.23,31.8,104.16435,180.54538,184.98207,291.68119,106.64874,102.14119000000001,82.40635,50.597190000000005,42.47241,43.51193
20220806,33.14,32.01,31.53,32.85,32.41,35.08,30.67,28.33,33.54,31.85,114.96381,195.26810999999998,199.68126,294.65441,108.05396,111.99108,88.0705,54.08911,46.3737,43.93526
20220807,33.42,31.91,32.02,32.93,32.52,35.39,30.86,28.15,33.79,31.9,123.31585000000001,214.95833,216.85381,300.36046000000005,118.79177,119.42692,91.47174000000001,56.76152,47.20059,44.99442
20220808,33.52,31.69,32.45,33.03,32.65,35.86,31.03,27.9,33.79,31.96,133.16074,230.05404000000001,237.18063,335.67358,125.81223,123.79452,93.28115,58.95,48.49454,50.64596
20220809,33.58,31.55,32.81,32.96,32.37,36.43,31.29,28.01,33.84,32.01,144.45963,243.95389,243.42273,364.78969,130.20856,130.05893,98.32296000000001,60.47008,54.39162,55.107150000000004
20220810,33.63,31.4,32.92,33.02,32.3,36.53,31.71,28,33.7,31.72,159.86548000000002,250.35192,269.70315000000005,383.21615,133.13185000000001,136.76826,103.65485000000001,64.53173000000001,59.19354,57.3143
20220811,33.64,31.33,32.87,33.2,32.24,36.46,31.74,27.96,33.7,31.62,163.59712,275.21412,292.86258000000004,402.89322,139.71889000000002,142.89159,105.72173,69.5275,62.14215,59.725480000000005
20220812,33.76,31.34,32.84,33.39,32.16,36.44,31.81,28.07,33.62,31.72,183.23776999999998,295.90285,306.19089,410.40915,147.58848,145.79785,115.4515,71.02837,65.97044,62.487370000000006
20220813,33.79,31.2,32.92,33.55,31.91,36.52,32.02,28.6,33.46,31.88,198.47111999999998,306.70396,315.66244,419.55344,150.29146,155.539,122.22958,75.68066999999999,69.15893,66.39926
20220814,33.83,30.82,32.92,33.7,31.54,36.59,32.1,29.03,33.23,31.95,208.67726000000002,322.95322,333.97415,429.40112,164.52823,163.74954,127.44344,81.33496000000001,73.70255999999999,68.08731
20220815,33.9,30.87,32.94,33.89,31.48,36.66,32.11,29.43,33.04,32.01,224.33467000000002,329.02581,354.50619,460.59577,169.18592,168.12351999999998,135.26973999999998,87.9413,75.39008,75.09427000000001
20220816,33.94,30.82,32.99,34.24,31.41,36.61,32.16,29.66,32.81,31.91,241.52919,340.05633,363.66654,487.36803999999995,172.21741,175.09914999999998,141.69673999999998,89.7305,80.94442,81.40065
20220817,33.98,30.77,33.25,34.38,31.32,36.39,32.31,29.63,32.78,31.91,259.49381,348.95558,392.88653999999997,497.35126,179.95967000000002,180.91537,148.34856,96.36777000000001,86.39864999999999,83.77433
20220818,34.03,30.48,33.29,34.58,31.35,36.23,32.27,29.7,32.62,32.14,266.95653999999996,365.40142,413.87291999999997,515.1265900000001,188.28178,187.83373999999998,151.60169,103.25088000000001,89.20559,88.01011
20220819,34.07,30.31,33.2,34.71,31.25,36.14,32.42,29.97,32.52,32.13,288.57392,371.01423,420.83493,530.76211,196.77685,191.94657999999998,162.16608,107.26944,93.59903999999999,93.27041
20220820,34.12,30.02,33.2,34.95,31.01,36.07,32.58,30.07,32.47,32.01,304.3295,366.52011,437.30489,545.22363,200.68223,200.58504000000002,171.29085,112.81674000000001,98.18189,99.3103
20220821,34.11,29.97,33.12,35.16,30.88,36.02,32.59,30.13,32.19,32.11,308.37011,372.20044,445.71029999999996,557.44785,209.34642000000002,207.16635,175.26748,119.22722,102.41589,101.64312
20220822,34.08,29.87,33.01,35.3,30.76,35.98,32.52,30.37,32.13,32.14,318.428,376.87756,453.39484999999996,572.36596,214.31042000000002,209.27051999999998,182.38585,126.44296,105.06035,108.6855
20220823,33.98,29.83,33.02,35.32,30.97,35.69,32.38,30.72,31.82,32.03,326.33052000000004,383.97222,465.50038,587.24858,214.92611,212.63595999999998,184.08885,129.84842,110.4295,115.14569
20220824,33.74,29.6,32.79,35.36,30.99,35.49,32.25,31.04,31.88,31.8,329.37452,392.86172999999997,485.10742,583.8636700000001,219.39985000000001,211.21456,190.26641,138.427,114.36569,118.02104
20220825,33.65,29.2,32.43,35.51,31.04,35.24,32.24,31.36,31.74,31.65,338.89938,399.18288,496.46742,589.3760699999999,223.54444,210.92219,193.70619,145.44862,112.96752000000001,121.396
20220826,33.61,29.19,32.27,35.19,31,34.76,32.2,31.48,31.66,31.48,348.36030999999997,397.36796000000004,485.54544,594.22704,228.35041,214.96715,202.78835,147.36622,115.49907,127.19707000000001
20220827,33.58,28.92,32.22,34.93,30.91,34.32,31.91,31.7,31.34,31.33,354.68577,389.29289,486.16378000000003,593.7545200000001,232.95531,218.16085,211.10369,149.809,118.85563,134.77719
20220828,33.74,28.79,32.04,34.43,30.81,34.14,31.75,31.98,31.2,31.23,350.844,387.38289000000003,492.22585,604.9208100000001,238.71827,217.07335,209.60273999999998,151.19367000000003,122.30152000000001,137.73712
20220829,33.66,28.68,32.04,34.13,30.9,34.08,31.48,32.24,30.83,30.79,354.36967,384.16007,498.29993,604.69142,241.80257999999998,214.57137,212.06222,156.12307,125.0675,147.40146
20220830,33.64,28.39,31.85,33.83,30.68,33.98,31.27,32.46,30.63,30.45,355.09047999999996,382.14259000000004,508.13258,603.9546899999999,239.31374,215.59752,216.69885,160.206,128.80227,155.69504
20220831,33.58,28,31.66,33.57,30.76,33.59,31.04,32.27,30.37,30.32,353.82544,383.77908,510.44284999999996,598.68456,239.92373999999998,215.25141,221.41170000000002,165.57569,132.12435,159.12093
20220901,33.46,27.82,31.43,33.48,30.59,33.31,30.82,32.11,30.03,30.21,362.36927000000003,376.84608000000003,513.64104,590.3508499999999,242.164,213.80222,224.75454000000002,171.18531,132.66210999999998,165.34914999999998
20220902,33.38,27.62,31.27,33.18,30.42,32.87,30.39,31.9,29.75,29.91,360.99354,375.64123,501.95185,585.2726700000001,244.81126,215.36507999999998,229.82008,170.26789000000002,133.64310999999998,175.79378
20220903,33.03,27.54,30.99,32.95,30.27,32.56,29.98,31.79,29.47,29.48,358.02677,369.14874,491.64852,574.674,246.37395999999998,213.93481,236.76792,167.52059,135.37073999999998,188.95748
20220904,32.88,27.57,30.74,32.86,30.04,32.15,29.66,31.87,29.24,29.28,348.60985,361.69578,482.46,576.72885,246.16962,215.75907999999998,234.01011,164.71922,139.212,192.63015
20220905,32.57,27.5,30.41,32.65,29.64,31.99,29.5,31.62,28.87,28.98,340.39544,349.23289,472.63585,570.2356500000001,249.80176999999998,211.59026,231.20385000000002,166.45659,140.61507999999998,208.63235
20220906,32.15,27.4,29.96,32.42,29.24,31.84,29.44,31.29,28.49,28.66,331.96221999999995,330.74515,471.00331,577.39023,245.79519,205.19267000000002,231.37556,168.07576999999998,145.29938,219.19204000000002
20220907,31.8,27.61,29.62,32.22,29.02,31.54,29.35,31.26,28.11,28.39,322.40626000000003,319.814,454.75419,569.4033000000001,236.23504,201.01595999999998,231.96222,169.10446,151.67188000000002,220.35644
20220908,31.53,27.83,29.32,31.97,28.84,31.08,29.21,31.46,28.07,28.22,322.27077,312.7838,435.626,544.25915,231.62407000000002,196.95170000000002,228.15844,168.00457999999998,153.0697,226.50285
20220909,31.23,27.94,29.17,31.85,28.97,30.74,28.98,31.25,27.93,28.02,311.754,306.71858000000003,425.47119,523.32126,228.39229999999998,195.16019,230.07989,166.13126,154.39567000000002,226.46537
20220910,30.94,27.89,29.05,31.6,28.93,30.52,28.9,31.1,27.87,27.92,297.42169,306.71858000000003,402.67344,506.71419000000003,230.46042,191.30485000000002,230.71822,165.66285,157.74048000000002,230.76404
20220911,30.66,27.9,29.06,31.25,28.59,30.27,28.97,30.89,27.84,27.99,290.11656,278.19508,381.08574,479.05141,226.08808,187.28288,229.18914,164.82267000000002,163.10556,236.3304
20220912,30.29,27.7,28.97,30.89,28.49,30.04,28.62,30.69,27.79,27.69,271.64484999999996,256.01408,362.11096000000003,479.06756,217.55835000000002,185.29663,222.05164000000002,166.14022,164.29877,242.1065
20220913,30.13,27.76,28.75,30.62,28.53,29.55,28.34,30.41,27.68,27.58,256.96204,236.21388000000002,362.08581,474.22810999999996,212.75122,178.51626000000002,221.26289000000003,166.30827,174.67331,241.122
20220914,29.79,27.95,28.58,30.36,28.68,29.02,28.19,30.16,27.59,27.36,241.86915,222.40378,343.29212,460.76661,200.65956,172.94737,219.65746,165.55927,181.40976999999998,237.60012
20220915,29.58,27.91,28.32,30.15,28.7,28.51,28.26,29.94,27.57,27.17,232.36185,215.53222,322.58623,440.96221999999995,197.18737,166.45593,217.24535999999998,162.42404000000002,187.19485,236.50688
20220916,29.35,27.85,28.16,29.82,28.5,28.28,28.15,29.55,27.55,27.02,214.45323000000002,201.63991000000001,315.2873,424.36812,192.29752,155.924,209.80628,160.59752,190.06585,235.35548
20220917,29.17,27.8,27.82,29.34,28.4,28.28,27.94,29.42,27.25,27.05,195.06673,196.68925,287.51167,395.26369,188.38488,152.58293,206.17852,156.38941,194.66915,236.07216
20220918,29.02,27.89,27.73,28.81,28.32,28.21,28.06,29.28,27.25,27.01,188.30756,177.23467000000002,268.20522,383.86388,180.64915,148.282,203.87788,152.40807,195.59989000000002,239.43732999999997
20220919,28.8,27.83,27.7,28.34,28.29,27.95,27.88,29.03,27.23,26.95,171.29614999999998,169.81662,251.66648,361.62048,171.97535,148.45504,195.789,149.86822,197.08246,239.10662
20220920,28.61,27.88,27.74,27.95,28.19,27.46,27.58,28.73,27.07,26.77,158.494,162.56883,238.05785,343.31448,169.174,143.29657,189.43469,147.58285,193.52981,235.92567000000003
20220921,28.51,27.69,27.8,27.6,28.03,26.89,27.25,28.4,27.17,26.53,147.87183,157.29191,228.15346,338.07969,160.77174,138.54661,183.40435,146.375,195.40848,231.99616
20220922,28.29,27.6,27.79,27.18,27.85,26.65,26.8,28.12,27.14,26.27,138.33326,147.90965,219.34465,322.38177,155.55870000000002,132.53446,180.744,143.59119,195.40848,228.8066
20220923,28.34,27.46,27.49,26.95,27.56,26.58,26.54,27.78,27.21,26.32,126.44057000000001,135.48182999999997,215.70411,308.80431,150.71370000000002,125.17186,178.2246,144.01367000000002,188.88892,226.53092
20220924,28.42,27.18,27.41,26.67,27.34,26.24,26.51,27.46,27.21,26.36,121.18261,130.97679,195.3777,296.36162,147.93238,127.35193,169.52756,140.52837,192.36079999999998,225.48404000000002
20220925,28.34,27.32,27.55,26.31,27.25,26.06,26.33,27.16,26.97,26.17,117.28983,118.64146000000001,180.90722,289.38176,143.91576999999998,128.62273,167.05526999999998,138.3247,197.97776000000002,228.94782999999998
20220926,28.07,27.1,27.47,26.27,27.2,26.07,26.13,26.92,26.74,25.92,104.15853999999999,114.78125,174.37744,277.35456,139.55004,128.62273,159.70385000000002,137.56659,201.44821,227.94762
20220927,27.8,27.17,27.44,26.35,26.85,26.04,26.32,26.66,26.75,25.91,93.16308000000001,108.91121000000001,170.96957999999998,270.6994,137.55848,122.04938,152.90212,132.97137,204.6605,224.08021
20220928,27.43,27.17,27.46,26.53,26.71,25.67,26.35,26.38,26.56,25.83,84.31271000000001,104.32142999999999,162.03992000000002,263.18569,129.88478,121.25831,150.00385,136.45148,205.89188000000001,219.66048
20220929,26.96,26.96,27.39,26.31,26.5,25.25,26.45,26.13,26.67,,77.91774000000001,97.01169999999999,151.85738,254.03414999999998,125.31311,118.10565,149.45276,133.55944,203.90832,
20220930,26.79,26.8,27.17,26.03,26.62,25.09,26.45,25.88,26.6,,71.75617,88.34439,145.99295999999998,240.02761999999998,123.50485,115.19439999999999,144.29416,130.47193,202.44351999999998,
20221001,26.68,26.72,26.91,25.76,26.27,24.94,26.3,25.83,26.63,,67.09425999999999,85.33878999999999,132.72296,224.36038,117.41941,112.25128,138.37884,127.87481,200.72532,
20221002,26.55,26.55,26.73,25.51,26.15,24.71,26.05,25.76,26.77,,65.32962,76.62162,123.65228,219.4604,114.14956,109.51208,136.29269,126.12754,200.1896,
20221003,26.37,26.46,26.64,25.63,26.15,24.68,26.2,25.76,26.97,,59.26329,68.91675,117.2646,204.11828,108.14237,107.24046000000001,126.54473,125.31603999999999,203.69182999999998,
20221004,26.41,26.42,26.51,25.67,26,24.56,26.37,25.55,27.19,,55.11038,61.482,114.12929,193.82056,108.14237,102.10485,118.90346000000001,127.22875,204.27654,
20221005,26.21,26.24,26.34,25.36,25.78,24.29,26.32,25.21,27.29,,52.05892,58.6383,108.82296000000001,188.172,103.42596,98.71658000000001,115.44442,127.93233000000001,202.53742000000003,
20221006,26.15,25.95,26.35,25.28,25.6,24.24,25.98,25.11,27.38,,49.837480000000006,52.754169999999995,103.02308000000001,172.47961999999998,100.11403999999999,95.65908,114.12248,124.64708,199.57728,
20221007,26.29,25.75,26.49,25.09,25.6,24.29,25.55,25.15,27.48,,46.52,50.307089999999995,100.46167999999999,159.06769,94.52748,93.89544000000001,109.79708000000001,124.3684,195.1146,
20221008,26.15,25.49,26.44,24.85,25.63,24.11,25.27,24.83,27.41,,43.4403,48.84625,96.34044,147.68054,94.50262,89.04028,104.56147999999999,123.50988000000001,192.49956,
20221009,26.08,25.26,26.29,24.49,25.62,23.92,25.01,24.66,27.46,,41.97371,47.2834,92.02824000000001,137.68384,90.19333,85.15792,106.516,125.66164,190.83528,
20221010,25.82,25.16,26.08,24.15,25.59,23.64,24.86,24.53,27.55,,38.92988,46.23012,86.81439999999999,123.88184,85.16662,82.7855,99.20164,125.12303999999999,190.02717,
20221011,25.71,25.06,25.99,23.95,25.4,23.29,24.62,24.57,27.36,,35.51546,45.21737,84.50458,109.75319999999999,83.06452,78.88908,93.1948,125.12958,186.54558,
20221012,25.54,24.78,25.61,23.8,25.18,23.09,24.43,24.58,26.85,,32.11538,45.62946,79.30592,110.39264,78.30828,74.84208,88.5474,123.53429,179.24542000000002,
20221013,25.49,24.57,25.63,23.62,24.88,22.87,24.47,24.52,26.55,,30.13057,41.881080000000004,74.70583,95.69852,75.99604,70.83422999999999,87.89092,119.69558,175.76964,
20221014,25.35,24.29,25.58,23.49,24.68,22.79,24.3,24.21,26.54,,27.46661,37.87954,72.90684,85.28036,73.16112,67.89324,86.89984,117.89412,164.9076,
20221015,25.28,24.09,25.46,23.32,24.4,22.74,23.96,23.95,26.46,,25.284740000000003,36.96185,69.26456,83.0596,70.82954,63.0456,85.2605,114.71712,157.24384,
20221016,24.89,23.83,25.37,22.99,24.27,22.55,23.64,23.49,26.09,,24.63271,32.42219,64.92344,83.0596,67.13067,59.63828,83.89096,111.4518,149.19148,
20221017,24.5,23.62,25.4,22.93,24.22,22.29,23.28,23.34,25.63,,22.430919999999997,29.56526,60.47452,80.43,63.41079,59.97864,83.80133000000001,110.08636,144.93875,
20221018,24.18,23.52,25.54,22.99,24,21.97,22.91,23.17,25.52,,21.34421,27.002959999999998,57.68154,81.34581,61.5622,54.84176,79.58796000000001,110.23433,138.62842,
20221019,23.78,23.43,25.4,23.13,23.75,21.69,22.72,23.03,25.19,,21.42325,25.78642,52.83867,79.51452,58.23728,49.50828,75.96615,108.17629,135.21054,
20221020,23.59,23.07,25.28,23.16,23.52,21.54,22.61,22.82,25.1,,21.42325,23.42358,46.98433,77.055,55.00188,44.08784,74.09458000000001,104.90683,133.70496,
20221021,23.3,22.72,25.15,22.94,23.45,21.56,22.64,22.44,24.81,,20.90892,20.72304,45.2348,72.03656,52.0806,39.34821,70.82281,102.83288,134.26479999999998,
20221022,22.95,22.35,24.91,22.78,23.32,21.57,22.76,22.29,24.42,,20.48281,20.10237,39.93312,65.20958999999999,50.17008,34.25075,67.82088,97.8358,131.95185,
20221023,22.78,22.06,24.72,22.5,23.05,21.35,22.81,21.99,24.07,,20.0403,18.4477,34.68632,59.88396,46.97267,30.71575,66.55144,93.47367999999999,129.60126,
20221024,22.55,21.92,24.75,22.27,22.7,21.15,22.79,21.72,23.82,,19.34067,16.66259,30.250040000000002,52.67731,43.76675,30.99646,65.01519,89.735,134.20808,
20221025,22.35,22.02,24.66,21.97,22.44,21.06,22.72,21.58,23.57,,17.92415,15.8233,27.28208,46.813269999999996,42.38172,30.09824,63.79785,86.60871,127.70392,
20221026,22.17,21.95,24.45,21.75,22.11,20.71,22.53,21.41,23.54,,17.17504,15.90073,24.19392,45.27026,39.23168,29.232770000000002,60.89281,82.33928999999999,121.11762,
20221027,21.97,21.77,24.11,21.57,21.87,20.44,22.27,21.31,23.37,,16.75458,14.71385,23.435419999999997,40.275220000000004,36.12328,28.41207,58.86392,77.95442,118.11763,
20221028,21.75,21.51,23.78,21.08,21.98,20.27,21.97,21.17,23.21,,15.705620000000001,13.50596,22.76132,36.072739999999996,33.39436,28.51708,55.54923,79.62088,111.40474,
20221029,21.69,21.25,23.33,20.68,21.76,20.04,21.72,20.95,23,,14.46523,13.11185,22.300849999999997,33.75604,32.24058,25.841849999999997,52.761540000000004,73.86379,106.33148,
20221030,21.68,21.16,22.8,20.53,21.52,19.73,21.37,20.7,22.64,,13.99611,12.09385,21.62485,31.714,28.616709999999998,23.38996,51.24156,70.30446,101.92589,
20221031,21.45,20.85,22.42,20.34,21.27,19.34,21.12,20.47,22.41,,13.46833,11.133479999999999,21.84607,29.67288,23.92975,22.693369999999998,48.267,71.05988,100.91654,
20221101,21.29,20.66,21.93,20.03,21.29,19.14,21.09,19.99,22.13,,13.14278,10.601959999999998,21.31262,27.883689999999998,23.528,20.67763,45.39074,71.05988,97.865,
20221102,21.08,20.58,21.67,19.61,21.23,18.88,21.05,19.63,21.74,,12.48063,10.30935,20.801119999999997,26.96511,20.09183,19.13604,42.74907,69.84508,93.828,
20221103,20.88,20.3,21.44,19.24,21.04,18.46,20.85,19.06,21.34,,12.05392,9.382190000000001,19.545270000000002,25.926560000000002,18.79379,17.39293,43.269690000000004,68.69122999999999,90.95796,
20221104,20.7,20.15,21.3,18.95,20.75,18.15,20.53,18.62,20.98,,11.29635,8.71515,18.91959,24.12004,18.6368,16.06831,42.86992,67.19525999999999,86.69203999999999,
20221105,20.6,20.01,21.17,18.95,20.57,18,20.34,18.52,20.58,,10.20404,8.60519,17.63063,22.6363,18.6368,14.58892,40.8865,65.54785000000001,82.14744,
20221106,20.43,19.91,20.95,18.56,20.62,17.67,20.32,18.29,20.34,,10.0153,8.22804,16.0837,22.04673,18.15804,13.74423,39.86433,63.23693,77.96411,
20221107,20.25,19.71,20.46,18.46,20.55,17.25,20.39,18.3,20.13,,9.47044,7.60796,14.84037,20.221880000000002,18.43285,13.323780000000001,36.838629999999995,59.60696,75.73977000000001,
20221108,20.06,19.43,20.07,18.15,20.31,17.11,20.15,18.4,19.84,,9.32604,7.18104,13.70638,17.91608,17.942330000000002,12.49811,34.940220000000004,57.83815,70.62377000000001,
20221109,19.57,19.18,19.88,17.92,19.97,16.95,20.01,18.17,19.24,,9.25215,7.081270000000001,12.7025,17.34778,17.378439999999998,11.387889999999999,33.31104,53.78108,65.42562000000001,
20221110,19.39,18.88,19.67,17.7,19.77,16.97,19.76,18.05,18.46,,9.079540000000001,6.50858,11.632040000000002,16.609330000000003,16.23385,10.58948,31.933349999999997,50.48692,63.34267,
20221111,18.86,18.58,19.59,17.5,19.47,16.95,19.53,18.01,18.09,,8.64008,5.988729999999999,11.40511,14.54956,15.243559999999999,9.410620000000002,29.56388,48.95219,57.98511,
20221112,18.47,18.37,19.51,17.31,19.48,16.88,19.28,18.05,17.89,,7.98158,5.7923,10.83222,13.8033,14.82542,8.82115,27.555619999999998,45.83063,54.186930000000004,
20221113,18.09,17.97,19.16,17.19,19.3,16.75,19.02,18.03,17.69,,7.84456,5.453189999999999,9.95556,12.71019,14.19735,7.75015,27.02496,43.97559,50.93385,
20221114,17.58,17.72,18.9,16.98,19.08,16.58,18.61,18.01,17.4,,7.52459,5.289,9.03274,12.01304,13.76108,7.48963,25.030150000000003,41.471410000000006,48.66469,
20221115,17.36,17.44,18.74,16.75,18.81,16.41,18.58,17.98,17.23,,7.10626,4.945189999999999,8.60081,10.42315,13.40452,6.818779999999999,23.542849999999998,40.054120000000005,43.46977,
20221116,17.32,17.26,18.37,16.62,18.45,16.29,18.49,18.07,17.2,,6.80567,4.80723,8.02365,10.09711,12.45041,6.071560000000001,22.029439999999997,39.19981,38.53662,
20221117,17.16,16.93,18.09,16.38,18.03,16.13,18.19,18.01,17.29,,6.591810000000001,4.420649999999999,7.59519,9.58007,11.52537,5.84796,21.09327,36.36381,37.25911,
20221118,16.73,16.58,17.7,16.07,17.67,15.82,18.15,18.03,17.35,,5.9982299999999995,3.95804,7.4227799999999995,8.74926,11.06441,5.1265,19.67388,35.29693,32.39307,
20221119,16.34,16.3,17.26,15.8,17.15,15.62,17.6,17.99,17.39,,5.50242,3.84015,6.9013,7.578189999999999,10.59573,4.5761199999999995,18.04688,33.203669999999995,28.64396,
20221120,15.84,16.29,17,15.68,16.72,15.4,17.15,17.67,17.4,,5.40196,3.7676999999999996,6.653779999999999,6.846229999999999,9.92846,4.01996,17.50189,30.93841,25.3703,
20221121,15.45,16.23,16.56,15.56,16.36,15.08,16.8,17.61,17.28,,5.28031,3.7502600000000004,6.542890000000001,6.31262,9.31235,3.943,15.95485,29.20211,23.23777,
20221122,15.15,16.23,16.26,15.21,15.92,14.7,16.59,17.34,17.07,,5.152810000000001,3.6702199999999996,6.27135,5.516,9.084670000000001,3.67189,14.46541,28.043380000000003,20.49877,
20221123,14.9,16,15.88,14.99,15.52,14.26,16.56,17.13,16.63,,4.958729999999999,3.50677,6.15684,5.39215,8.53593,3.3040700000000003,13.369959999999999,26.25896,18.147419999999997,
20221124,14.65,15.56,15.51,14.52,15.23,13.62,16.54,16.99,16.41,,4.85292,3.2955,5.81392,5.077109999999999,7.827850000000001,3.12322,12.744879999999998,24.129080000000002,17.623150000000003,
20221125,14.52,15.16,15.03,14.19,14.95,13.35,16.15,16.7,16.31,,4.57788,3.14704,5.60531,4.41152,7.58267,2.91485,12.06292,23.54933,15.70011,
20221126,14.26,14.81,14.53,13.63,14.7,13.3,15.96,16.43,16.04,,4.2874799999999995,3.0482600000000004,5.32981,4.24107,7.18608,2.63438,11.17323,21.286330000000003,14.28837,
20221127,13.84,14.64,14.13,13.25,14.37,13.36,15.68,16.08,15.75,,4.17738,3.0762199999999997,5.07735,3.83238,6.84662,2.47446,10.88704,18.873369999999998,13.040299999999998,
20221128,13.29,14.33,13.78,13.03,14.07,13.12,15.4,15.59,15.51,,4.00348,2.87141,5.01712,3.6552800000000003,6.2069600000000005,2.4638899999999997,10.132700000000002,17.47463,12.194540000000002,
20221129,12.81,14.19,13.54,12.88,13.84,13.01,15.08,15.23,15.39,,3.78432,2.7875199999999998,4.77662,3.1644,6.09822,2.38304,9.47974,16.036270000000002,10.868649999999999,
20221130,12.59,13.96,13.54,12.69,13.58,13.04,14.9,14.84,15.22,,3.72596,2.71327,4.808260000000001,3.08962,5.86922,2.26444,9.18089,15.02858,9.63496,
20221201,12.35,13.9,13.44,12.74,13.13,12.93,14.43,14.53,14.65,,3.73054,2.56888,4.51682,2.90527,5.47452,2.19393,8.81592,12.714540000000001,9.370040000000001,
20221202,11.96,13.32,13.47,12.72,12.8,12.87,13.93,14.46,14.25,,3.49588,2.52508,4.36217,2.67946,5.28922,2.1419200000000003,8.209850000000001,12.35126,8.48156,
20221203,11.7,13.01,13.21,12.7,12.47,12.8,13.57,14.13,13.98,,3.34939,2.46852,4.19341,2.66336,4.84288,2.01688,7.82131,11.13393,7.549810000000001,
20221204,11.52,12.64,12.8,12.53,12.04,12.95,13.19,14,13.62,,3.25983,2.44078,4.06482,2.19262,4.69031,1.92004,7.638,9.835,7.14496,
20221205,11.3,12.02,12.41,12.47,11.61,12.86,12.75,13.88,13.28,,2.97704,2.359,3.96245,2.12704,4.193689999999999,1.86626,7.2071499999999995,8.93515,6.629689999999999,
20221206,10.96,11.48,11.99,12,11.3,12.56,12.19,13.64,13.04,,2.904,2.15877,3.8002399999999996,1.97654,4.25104,1.87744,6.56126,8.13931,6.30669,
20221207,10.76,10.97,11.69,11.63,10.94,12.21,11.79,13.49,12.84,,2.71904,2.11144,3.68552,2.08208,4.05433,1.8228499999999999,6.14215,7.449229999999999,5.90708,
20221208,10.77,10.78,11.68,11.3,10.3,11.72,11.52,12.93,12.55,,2.72905,1.96152,3.5151,2.04416,3.8400700000000003,1.85056,5.829350000000001,6.8243100000000005,5.84452,
20221209,10.54,10.45,11.57,11.21,9.83,11.29,11.36,12.68,12.45,,2.3869499999999997,1.8351199999999999,3.48259,2.2046799999999998,3.78819,1.87127,5.40458,6.601850000000001,5.78707,
20221210,10.35,10.14,11.27,11.09,9.58,10.95,11.17,12.66,12.44,,2.20314,1.7838800000000001,3.21027,2.1318,3.45796,1.87365,4.99104,6.38959,5.47411,
20221211,10.04,9.77,11.06,10.91,8.9,10.26,11.22,12.53,12.56,,2.18141,1.60088,3.23082,2.12488,3.3454,1.8349600000000001,4.85552,5.77274,5.24367,
20221212,9.97,9.35,10.84,10.7,8.46,9.83,10.84,12.27,12.49,,1.8881400000000002,1.41308,3.07627,2.03704,3.13252,1.7886300000000002,4.56978,5.51704,5.08892,
20221213,9.73,8.94,10.7,10.51,7.93,9.46,10.58,11.81,12.32,,1.85695,1.4422000000000001,2.84833,1.9812100000000001,3.0963499999999997,1.57248,3.97274,5.42146,4.9971499999999995,
20221214,9.53,8.85,10.54,10.16,7.54,8.99,10.4,11.12,12.12,,1.7357,1.48479,2.7304299999999997,1.9812100000000001,2.93985,1.52856,3.58844,5.414,5.04338,
20221215,9.3,8.62,10.35,9.72,7.24,8.59,10.49,10.45,12.06,,1.77495,1.3736700000000002,2.5837600000000003,2.087,2.78269,1.53233,3.37054,5.28792,4.93563,
20221216,8.87,8.3,9.92,9.29,6.99,8.18,10.34,9.75,11.88,,1.51963,1.2212100000000001,2.61132,2.198,2.642,1.54735,3.35104,5.13926,5.1643,
20221217,8.57,7.68,9.57,9.17,6.64,7.96,10.12,9.19,11.6,,1.46911,1.2212100000000001,2.3390999999999997,2.2231300000000003,2.5934,1.54542,3.19585,4.582520000000001,4.99519,
20221218,8.46,7.29,9.19,8.99,6.59,7.75,10.12,8.79,11.2,,1.4206500000000002,1.1572200000000001,2.25481,2.291,2.47856,1.4166500000000002,3.12752,4.55281,5.05,
20221219,8.3,6.88,8.99,8.78,6.51,7.88,9.85,8.07,10.75,,1.3326500000000001,1.11043,2.13148,2.43327,2.3344,1.39381,3.04896,4.43067,4.907649999999999,
20221220,8.15,6.57,8.74,8.6,6.54,7.73,9.81,7.5,10.53,,1.3059,1.13261,2.03195,2.43136,2.29262,1.44122,2.88389,4.35204,4.931850000000001,
20221221,8.05,6.16,8.55,8.19,6.43,7.62,9.68,7.28,10.44,,1.22215,1.0638599999999998,1.65375,2.43136,2.18504,1.34507,2.86137,4.34965,4.808770000000001,
20221222,7.93,5.82,8.31,8.21,6.39,7.71,9.56,7.07,10.36,,1.22215,0.89936,1.6854500000000001,2.52041,2.03931,1.32737,2.86696,4.282649999999999,4.74859,
20221223,7.75,5.5,8.11,8.07,6.45,7.77,9.35,7.02,10.36,,1.0298,0.85077,1.67943,2.5881399999999997,1.9255799999999998,1.2305,2.80212,4.25881,5.03278,
20221224,7.51,5.36,8.04,7.92,6.43,7.66,9.08,7.06,10.51,,0.92635,0.83835,1.6578199999999998,2.53032,1.95844,1.20481,2.76058,4.307189999999999,5.01489,
20221225,7.28,5.2,7.83,8.02,6.31,7.81,8.75,6.84,10.07,,0.8971,0.78335,1.64195,2.63652,1.95144,1.11642,2.75278,4.24407,5.06548,
20221226,7.05,4.95,7.99,7.92,6.1,7.66,8.58,6.71,9.41,,0.90019,0.7646499999999999,1.70157,2.7789,1.85828,1.09922,2.72756,4.07237,5.01858,
20221227,6.8,4.65,7.95,8.01,5.69,7.24,8.31,6.49,9.1,,0.9078099999999999,0.75509,1.73865,2.77271,1.8325,1.1163299999999998,2.67163,4.04585,4.80542,
20221228,6.66,4.36,7.86,7.96,5.46,6.54,8.28,6.54,8.94,,0.90186,0.71964,1.7578,2.68305,1.7878800000000001,1.03307,2.67719,4.05062,4.8501199999999995,
20221229,6.74,4.36,7.73,7.75,5.29,6.07,8.06,6.72,8.81,,0.90186,0.72168,1.73505,2.60552,1.8023099999999999,0.97511,2.65542,3.98858,4.824479999999999,
20221230,6.79,4.19,7.67,7.57,5.1,5.7,8.03,6.44,8.41,,0.8871,0.7985,1.73959,2.78813,1.71058,0.94431,2.53423,3.96315,4.97581,
20221231,6.72,3.9,7.43,7.45,5.09,5.37,7.59,6.16,8.01,,0.91852,0.80291,1.69265,2.80335,1.76252,0.95808,2.48812,3.96163,5.11219,